证劵代码,证券简称,上市日期,申购日期,发行价,总发行数量,发行市盈率,上网发行中签率,摇号结果公告日,中签公告日,中签缴款日,网上申购上限,上网发行数量,listing_date,year,code,board,issue_price,issue_shares_10k,issue_pe,fund_100m,policy_period
301669,高特电子,,2026-05-29,,12000.0,,,2026-06-02,2026-06-01,2026-06-02,,1680.0,,,301669,创业板,,12000.0,,,日期缺失
688635,长进光子,,2026-05-18,40.98,2341.75,44.22,0.0204956,2026-05-20,2026-05-19,2026-05-20,0.55,751.05,,,688635,科创板,40.98,2341.75,44.22,9.596491499999999,日期缺失
920161,龙辰科技,,2026-05-18,9.21,3399.85,14.98,0.02740647,,,2026-05-18,152.99,3059.865,,,920161,北交所,9.21,3399.85,14.98,3.13126185,日期缺失
920211,新睿电子,,2026-05-25,25.19,640.0,14.99,,,,2026-05-25,28.8,576.0,,,920211,北交所,25.19,640.0,14.99,1.61216,日期缺失
920218,新天力,,2026-05-20,12.19,2341.781,14.99,0.02578989,,,2026-05-20,105.38,2107.6029,,,920218,北交所,12.19,2341.781,14.99,2.854631039,日期缺失
001237,惠康科技,2026-05-22,2026-05-13,53.26,3708.7858,21.04,0.01779739,2026-05-15,2026-05-14,2026-05-15,1.45,2967.05,2026-05-22,2026,001237,主板,53.26,3708.7858,21.04,19.7529931708,阶段性收紧后
603435,嘉德利,2026-05-22,2026-05-13,15.76,4600.0,29.72,0.02202419,2026-05-15,2026-05-14,2026-05-15,1.1,2576.0,2026-05-22,2026,603435,主板,15.76,4600.0,29.72,7.2496,阶段性收紧后
920220,朗信电气,2026-05-22,2026-05-13,28.29,1324.1252,14.99,0.03565682,,,2026-05-13,59.58,1191.7127,2026-05-22,2026,920220,北交所,28.29,1324.1252,14.99,3.7459501908,阶段性收紧后
001365,天海电子,2026-05-18,2026-05-07,27.19,7900.0,23.4,0.02337606,2026-05-11,2026-05-08,2026-05-11,1.85,4424.0,2026-05-18,2026,001365,主板,27.19,7900.0,23.4,21.4801,阶段性收紧后
920096,嘉晨智能,2026-05-18,2026-05-06,14.43,1800.0,14.99,0.02679695,,,2026-05-06,81.0,1620.0,2026-05-18,2026,920096,北交所,14.43,1800.0,14.99,2.5974,阶段性收紧后
001393,维通利,2026-05-15,2026-05-06,30.38,6233.3334,25.36,0.02068662,2026-05-08,2026-05-07,2026-05-08,2.0,4089.05,2026-05-15,2026,001393,主板,30.38,6233.3334,25.36,18.9368668692,阶段性收紧后
920178,锐翔智能,2026-05-15,2026-04-27,29.47,1374.618,14.99,0.03780005,,,2026-04-27,61.85,1237.1562,2026-05-15,2026,920178,北交所,29.47,1374.618,14.99,4.050999245999999,阶段性收紧后
301531,春光集团,2026-05-11,2026-04-24,13.3,5493.334,26.02,0.01801493,2026-04-28,2026-04-27,2026-04-28,1.4,2389.65,2026-05-11,2026,301531,创业板,13.3,5493.334,26.02,7.30613422,阶段性收紧后
603407,长裕集团,2026-05-11,2026-04-27,13.86,4100.0,23.0,0.02421604,2026-04-29,2026-04-28,2026-04-29,1.1,2588.3,2026-05-11,2026,603407,主板,13.86,4100.0,23.0,5.6826,阶段性收紧后
920200,振宏股份,2026-05-07,2026-04-22,20.58,2291.0,14.99,0.04118349,,,2026-04-22,103.09,2061.9,2026-05-07,2026,920200,北交所,20.58,2291.0,14.99,4.714878,阶段性收紧后
301599,理奇智能,2026-04-30,2026-04-20,13.91,6474.0,22.7,0.01953375,2026-04-22,2026-04-21,2026-04-22,1.1,2265.9,2026-04-30,2026,301599,创业板,13.91,6474.0,22.7,9.005334,阶段性收紧后
920186,中科仪,2026-04-29,2026-04-20,16.21,5200.0,35.23,0.0383805,,,2026-04-20,93.6,2340.0,2026-04-29,2026,920186,北交所,16.21,5200.0,35.23,8.4292,阶段性收紧后
920156,海昌智能,2026-04-27,2026-04-15,20.93,2412.0,14.98,0.04396134,,,2026-04-15,108.54,2170.8,2026-04-27,2026,920156,北交所,20.93,2412.0,14.98,5.048316,阶段性收紧后
688808,联讯仪器,2026-04-24,2026-04-14,81.88,2566.6667,63.64,0.02238168,2026-04-16,2026-04-15,2026-04-16,0.6,821.35,2026-04-24,2026,688808,科创板,81.88,2566.6667,63.64,21.015866939600002,阶段性收紧后
920125,鸿仕达,2026-04-24,2026-04-13,16.57,1350.0,14.99,0.02453994,,,2026-04-13,60.75,1215.0,2026-04-24,2026,920125,北交所,16.57,1350.0,14.99,2.23695,阶段性收紧后
001312,福恩股份,2026-04-21,2026-04-10,18.38,5833.3334,16.83,0.02283733,2026-04-14,2026-04-13,2026-04-14,2.3,4666.65,2026-04-21,2026,001312,主板,18.38,5833.3334,16.83,10.7216667892,阶段性收紧后
688820,盛合晶微,2026-04-21,2026-04-09,19.68,25546.6162,195.62,0.03682856,2026-04-13,2026-04-10,2026-04-13,3.55,5437.3,2026-04-21,2026,688820,科创板,19.68,25546.6162,195.62,50.2757406816,阶段性收紧后
920191,瑞尔竞达,2026-04-20,2026-04-09,7.71,4435.0,14.99,0.0346584,,,2026-04-09,199.57,3991.5,2026-04-20,2026,920191,北交所,7.71,4435.0,14.99,3.4193849999999997,阶段性收紧后
301513,尚水智能,2026-04-17,2026-04-08,26.66,2500.0,18.02,0.01447493,2026-04-10,2026-04-09,2026-04-10,0.6,1025.0,2026-04-17,2026,301513,创业板,26.66,2500.0,18.02,6.665,阶段性收紧后
301666,大普微,2026-04-16,2026-04-03,46.08,4362.1636,,0.02145561,2026-04-08,2026-04-07,2026-04-08,0.65,1395.85,2026-04-16,2026,301666,创业板,46.08,4362.1636,,20.100849868799997,阶段性收紧后
603293,埃泰克,2026-04-16,2026-04-07,33.49,4477.2665,29.71,0.0247164,2026-04-09,2026-04-08,2026-04-09,1.4,2865.45,2026-04-16,2026,603293,主板,33.49,4477.2665,29.71,14.994365508500001,阶段性收紧后
920177,恒道科技,2026-04-16,2026-04-07,21.8,1308.0,14.99,0.0316421,,,2026-04-07,58.86,1177.2,2026-04-16,2026,920177,北交所,21.8,1308.0,14.99,2.85144,阶段性收紧后
920012,创达新材,2026-04-13,2026-04-01,19.58,1232.9345,14.99,0.02689035,,,2026-04-01,55.48,1109.6411,2026-04-13,2026,920012,北交所,19.58,1232.9345,14.99,2.414085751,阶段性收紧后
301696,三瑞智能,2026-04-10,2026-03-27,24.68,4001.0,30.8,0.01890529,2026-03-31,2026-03-30,2026-03-31,0.6,1280.35,2026-04-10,2026,301696,创业板,24.68,4001.0,30.8,9.874467999999998,阶段性收紧后
688811,有研复材,2026-04-10,2026-03-30,6.41,13043.5137,58.09,0.03128599,2026-04-01,2026-03-31,2026-04-01,1.8,2818.4,2026-04-10,2026,688811,科创板,6.41,13043.5137,58.09,8.3608922817,阶段性收紧后
920181,赛英电子,2026-04-10,2026-03-30,28.0,1080.0,13.79,0.04184558,,,2026-03-30,48.6,972.0,2026-04-10,2026,920181,北交所,28.0,1080.0,13.79,3.024,阶段性收紧后
603459,红板科技,2026-04-08,2026-03-27,17.7,10000.0,25.6,0.03502211,2026-03-31,2026-03-30,2026-03-31,2.1,5374.65,2026-04-08,2026,603459,主板,17.7,10000.0,25.6,17.7,阶段性收紧后
920011,晨光电机,2026-04-08,2026-03-25,15.5,2066.6667,14.96,0.03215365,,,2026-03-25,93.0,1860.0001,2026-04-08,2026,920011,北交所,15.5,2066.6667,14.96,3.203333385,阶段性收紧后
301683,慧谷新材,2026-04-01,2026-03-20,78.38,1577.91,34.91,0.01508076,2026-03-24,2026-03-23,2026-03-24,0.4,703.9,2026-04-01,2026,301683,创业板,78.38,1577.91,34.91,12.36765858,阶段性收紧后
001257,盛龙股份,2026-03-31,2026-03-20,7.82,21500.0,19.11,0.03761485,2026-03-24,2026-03-23,2026-03-24,4.5,10535.05,2026-03-31,2026,001257,主板,7.82,21500.0,19.11,16.813,阶段性收紧后
688813,泰金新能,2026-03-31,2026-03-20,26.28,4000.0,22.94,0.02398414,2026-03-24,2026-03-23,2026-03-24,0.95,1280.0,2026-03-31,2026,688813,科创板,26.28,4000.0,22.94,10.512,阶段性收紧后
920055,隆源股份,2026-03-31,2026-03-23,24.7,1700.0,14.99,0.0434284,,,2026-03-23,76.5,1530.0,2026-03-31,2026,920055,北交所,24.7,1700.0,14.99,4.199,阶段性收紧后
920188,悦龙科技,2026-03-30,2026-03-16,14.04,2199.3198,14.99,0.03127999,,,2026-03-16,98.96,1979.3879,2026-03-30,2026,920188,北交所,14.04,2199.3198,14.99,3.0878449992,阶段性收紧后
920069,普昂医疗,2026-03-27,2026-03-18,18.38,1058.28,14.53,0.02529104,,,2026-03-18,47.62,952.452,2026-03-27,2026,920069,北交所,18.38,1058.28,14.53,1.9451186399999998,阶段性收紧后
301682,宏明电子,2026-03-25,2026-03-16,69.66,3038.734,33.61,0.01630302,2026-03-18,2026-03-17,2026-03-18,0.85,1473.75,2026-03-25,2026,301682,创业板,69.66,3038.734,33.61,21.167821044,阶段性收紧后
688781,视涯科技,2026-03-25,2026-03-16,22.68,10000.0,,0.03537587,2026-03-18,2026-03-17,2026-03-18,1.4,2138.55,2026-03-25,2026,688781,科创板,22.68,10000.0,,22.68,阶段性收紧后
920028,新恒泰,2026-03-20,2026-03-11,9.4,4109.0,14.99,0.03743867,,,2026-03-11,184.9,3698.1,2026-03-20,2026,920028,北交所,9.4,4109.0,14.99,3.86246,阶段性收紧后
920078,族兴新材,2026-03-18,2026-03-09,6.98,2300.0,14.99,0.02093015,,,2026-03-09,103.5,2070.0,2026-03-18,2026,920078,北交所,6.98,2300.0,14.99,1.6054000000000002,阶段性收紧后
920036,觅睿科技,2026-03-09,2026-02-26,21.52,1360.55,14.99,0.03185318,,,2026-02-26,61.22,1224.495,2026-03-09,2026,920036,北交所,21.52,1360.55,14.99,2.9279036,阶段性收紧后
301680,固德电材,2026-03-06,2026-02-25,58.0,2070.0,27.96,0.0153627,2026-02-27,2026-02-26,2026-02-27,0.45,851.35,2026-03-06,2026,301680,创业板,58.0,2070.0,27.96,12.006,阶段性收紧后
920187,通领科技,2026-03-05,2026-02-11,29.62,1560.0,14.47,0.04955969,,,2026-02-11,70.2,1404.0,2026-03-05,2026,920187,北交所,29.62,1560.0,14.47,4.62072,阶段性收紧后
920183,海菲曼,2026-03-04,2026-02-24,19.71,1052.702,14.99,0.02589197,,,2026-02-24,47.37,947.4318,2026-03-04,2026,920183,北交所,19.71,1052.702,14.99,2.0748756420000003,阶段性收紧后
920168,通宝光电,2026-02-26,2026-02-09,16.17,1879.34,14.99,0.03078894,,,2026-02-09,84.57,1691.406,2026-02-26,2026,920168,北交所,16.17,1879.34,14.99,3.0388927800000003,阶段性收紧后
920166,海圣医疗,2026-02-12,2026-02-04,12.64,1129.4118,13.99,0.01873521,,,2026-02-04,50.82,1016.4707,2026-02-12,2026,920166,北交所,12.64,1129.4118,13.99,1.4275765152000002,阶段性收紧后
688816,易思维,2026-02-11,2026-02-02,55.95,2500.0,90.39,0.0222076,2026-02-04,2026-02-03,2026-02-04,0.6,805.4,2026-02-11,2026,688816,科创板,55.95,2500.0,90.39,13.9875,阶段性收紧后
603284,林平发展,2026-02-10,2026-01-30,37.88,1885.37,18.69,0.018888,2026-02-03,2026-02-02,2026-02-03,0.75,1508.25,2026-02-10,2026,603284,主板,37.88,1885.37,18.69,7.14178156,阶段性收紧后
688818,电科蓝天,2026-02-10,2026-01-30,9.47,17370.0,56.79,0.03227646,2026-02-03,2026-02-02,2026-02-03,2.75,4199.45,2026-02-10,2026,688818,科创板,9.47,17370.0,56.79,16.44939,阶段性收紧后
920180,爱得科技,2026-02-10,2026-02-02,7.67,2953.0762,14.98,0.02433561,,,2026-02-02,132.88,2657.7686,2026-02-10,2026,920180,北交所,7.67,2953.0762,14.98,2.2650094454,阶段性收紧后
688712,北芯生命,2026-02-05,2026-01-26,17.52,5700.0,,0.03264275,2026-01-28,2026-01-27,2026-01-28,0.9,1368.0,2026-02-05,2026,688712,科创板,17.52,5700.0,,9.9864,阶段性收紧后
001220,世盟股份,2026-02-03,2026-01-23,28.0,2307.25,15.29,0.01650747,2026-01-27,2026-01-26,2026-01-27,0.9,1845.8,2026-02-03,2026,001220,主板,28.0,2307.25,15.29,6.4603,阶段性收紧后
920119,美德乐,2026-01-30,2026-01-21,41.88,1600.0,14.99,0.05695494,,,2026-01-21,72.0,1440.0,2026-01-30,2026,920119,北交所,41.88,1600.0,14.99,6.7008,阶段性收紧后
601112,振石股份,2026-01-29,2026-01-19,11.18,26105.5,32.59,0.04876427,2026-01-21,2026-01-20,2026-01-21,5.45,12791.7,2026-01-29,2026,601112,主板,11.18,26105.5,32.59,29.185949,阶段性收紧后
688785,恒运昌,2026-01-28,2026-01-16,92.18,1693.0559,48.39,0.02184853,2026-01-20,2026-01-19,2026-01-20,0.4,541.75,2026-01-28,2026,688785,科创板,92.18,1693.0559,48.39,15.6065892862,阶段性收紧后
920159,农大科技,2026-01-28,2026-01-19,25.0,1600.0,13.4,0.03871636,,,2026-01-19,72.0,1440.0,2026-01-28,2026,920159,北交所,25.0,1600.0,13.4,4.0,阶段性收紧后
920076,国亮新材,2026-01-22,2026-01-14,10.76,1804.4853,14.97,0.02110267,,,2026-01-14,81.2,1624.0368,2026-01-22,2026,920076,北交所,10.76,1804.4853,14.97,1.9416261827999999,阶段性收紧后
920050,爱舍伦,2026-01-21,2026-01-12,15.98,1691.9834,14.99,0.02768633,,,2026-01-12,76.13,1522.7851,2026-01-21,2026,920050,北交所,15.98,1691.9834,14.99,2.7037894732,阶段性收紧后
920086,科马材料,2026-01-16,2026-01-06,11.66,2092.0,14.2,0.02565359,,,2026-01-06,94.14,1882.8,2026-01-16,2026,920086,北交所,11.66,2092.0,14.2,2.4392720000000003,阶段性收紧后
603352,至信股份,2026-01-15,2026-01-06,21.88,5666.6667,26.85,0.02468624,2026-01-08,2026-01-07,2026-01-08,1.8,3626.65,2026-01-15,2026,603352,主板,21.88,5666.6667,26.85,12.3986667396,阶段性收紧后
603402,陕西旅游,2026-01-06,2025-12-22,80.44,1933.3334,12.37,0.01308077,2025-12-24,2025-12-23,2025-12-24,1.9,1933.3,2026-01-06,2026,603402,主板,80.44,1933.3334,12.37,15.5517338696,阶段性收紧后
301687,新广益,2025-12-31,2025-12-22,21.93,3671.6,28.59,0.01560774,2025-12-24,2025-12-23,2025-12-24,0.85,1504.25,2025-12-31,2025,301687,创业板,21.93,3671.6,28.59,8.0518188,阶段性收紧后
920045,蘅东光,2025-12-31,2025-12-23,31.59,1025.0,14.99,0.0344406,,,2025-12-23,46.12,922.5,2025-12-31,2025,920045,北交所,31.59,1025.0,14.99,3.237975,阶段性收紧后
001369,双欣环保,2025-12-30,2025-12-19,6.85,28700.0,16.19,0.04273245,2025-12-23,2025-12-22,2025-12-23,6.0,14325.15,2025-12-30,2025,001369,主板,6.85,28700.0,16.19,19.6595,阶段性收紧后
001396,誉帆科技,2025-12-30,2025-12-19,22.29,2673.0,19.77,0.01644429,2025-12-23,2025-12-22,2025-12-23,0.85,1764.05,2025-12-30,2025,001396,主板,22.29,2673.0,19.77,5.958117,阶段性收紧后
688809,强一股份,2025-12-30,2025-12-19,85.09,3238.9882,48.55,0.02295383,2025-12-23,2025-12-22,2025-12-23,0.75,1036.5,2025-12-30,2025,688809,科创板,85.09,3238.9882,48.55,27.5605505938,阶段性收紧后
920121,江天科技,2025-12-25,2025-12-16,21.21,1321.3637,14.5,0.03246505,,,2025-12-16,59.46,1189.2274,2025-12-25,2025,920121,北交所,21.21,1321.3637,14.5,2.8026124077000003,阶段性收紧后
688805,健信超导,2025-12-24,2025-12-15,18.58,4192.0,61.97,0.0241683,2025-12-17,2025-12-16,2025-12-17,1.0,1341.45,2025-12-24,2025,688805,科创板,18.58,4192.0,61.97,7.788735999999998,阶段性收紧后
301449,天溯计量,2025-12-23,2025-12-12,36.8,1630.4348,21.78,0.01435765,2025-12-16,2025-12-15,2025-12-16,0.4,709.25,2025-12-23,2025,301449,创业板,36.8,1630.4348,21.78,6.000000064,阶段性收紧后
301667,纳百川,2025-12-23,2025-12-08,22.63,2791.74,28.7,0.01489665,2025-12-10,2025-12-09,2025-12-10,0.65,1144.6,2025-12-23,2025,301667,创业板,22.63,2791.74,28.7,6.317707619999999,阶段性收紧后
603248,锡华科技,2025-12-23,2025-12-12,10.1,10000.0,33.12,0.03181828,2025-12-16,2025-12-15,2025-12-16,2.1,4960.2,2025-12-23,2025,603248,主板,10.1,10000.0,33.12,10.1,阶段性收紧后
688807,优迅股份,2025-12-19,2025-12-08,51.66,2000.0,60.27,0.0224897,2025-12-10,2025-12-09,2025-12-10,0.45,640.0,2025-12-19,2025,688807,科创板,51.66,2000.0,60.27,10.332,阶段性收紧后
001325,元创股份,2025-12-18,2025-12-09,24.75,1960.0,12.93,0.01087154,2025-12-11,2025-12-10,2025-12-11,1.95,1960.0,2025-12-18,2025,001325,主板,24.75,1960.0,12.93,4.851,阶段性收紧后
688802,沐曦股份,2025-12-17,2025-12-05,104.66,4010.0,,0.03348913,2025-12-09,2025-12-08,2025-12-09,0.6,966.55,2025-12-17,2025,688802,科创板,104.66,4010.0,,41.96866,阶段性收紧后
688790,昂瑞微,2025-12-16,2025-12-05,83.06,2488.2922,,0.03449153,2025-12-09,2025-12-08,2025-12-09,0.35,597.2,2025-12-16,2025,688790,科创板,83.06,2488.2922,,20.6677550132,阶段性收紧后
688796,百奥赛图,2025-12-10,2025-11-28,26.68,4750.0,519.12,0.02801388,2025-12-02,2025-12-01,2025-12-02,0.75,1146.1,2025-12-10,2025,688796,科创板,26.68,4750.0,519.12,12.673,阶段性收紧后
688795,摩尔线程,2025-12-05,2025-11-24,114.28,7000.0,,0.03635054,2025-11-26,2025-11-25,2025-11-26,1.1,1680.0,2025-12-05,2025,688795,科创板,114.28,7000.0,,79.996,阶段性收紧后
001280,中国铀业,2025-12-03,2025-11-21,17.89,24818.1818,27.06,0.04339353,2025-11-25,2025-11-24,2025-11-25,5.2,12160.9,2025-12-03,2025,001280,主板,17.89,24818.1818,27.06,44.3997272402,阶段性收紧后
920035,精创电气,2025-12-02,2025-11-18,12.1,1446.0,13.47,0.02185321,,,2025-11-18,65.07,1301.4,2025-12-02,2025,920035,北交所,12.1,1446.0,13.47,1.7496599999999998,阶段性收紧后
920124,南特科技,2025-11-27,2025-11-11,8.66,3718.3329,13.6,0.03340397,,,2025-11-11,167.32,3346.4997,2025-11-27,2025,920124,北交所,8.66,3718.3329,13.6,3.2200762914,阶段性收紧后
001233,海安集团,2025-11-25,2025-11-14,48.0,4649.3334,13.94,0.02116934,2025-11-18,2025-11-17,2025-11-18,1.45,2996.3,2025-11-25,2025,001233,主板,48.0,4649.3334,13.94,22.316800320000002,阶段性收紧后
920091,大鹏工业,2025-11-21,2025-11-05,9.0,1500.0,14.52,0.01869341,,,2025-11-05,67.5,1350.0,2025-11-21,2025,920091,北交所,9.0,1500.0,14.52,1.35,阶段性收紧后
301638,南网数字,2025-11-18,2025-11-07,5.69,47694.7534,32.22,0.03624244,2025-11-11,2025-11-10,2025-11-11,4.75,9774.15,2025-11-18,2025,301638,创业板,5.69,47694.7534,32.22,27.138314684600005,阶段性收紧后
688727,恒坤新材,2025-11-18,2025-11-07,14.99,6739.794,71.42,0.02873717,2025-11-11,2025-11-10,2025-11-11,1.05,1618.65,2025-11-18,2025,688727,科创板,14.99,6739.794,71.42,10.102951206,阶段性收紧后
920160,北矿检测,2025-11-18,2025-11-03,6.7,2832.0,14.99,0.02273565,,,2025-11-03,127.44,2548.8,2025-11-18,2025,920160,北交所,6.7,2832.0,14.99,1.8974400000000002,阶段性收紧后
603092,德力佳,2025-11-07,2025-10-28,46.68,4000.01,34.98,0.02602442,2025-10-30,2025-10-29,2025-10-30,0.95,2342.9,2025-11-07,2025,603092,主板,46.68,4000.01,34.98,18.67204668,阶段性收紧后
920003,中诚咨询,2025-11-07,2025-10-28,14.27,1400.0,9.69,0.02666904,,,2025-10-28,63.0,1260.0,2025-11-07,2025,920003,北交所,14.27,1400.0,9.69,1.9978,阶段性收紧后
603376,大明电子,2025-11-06,2025-10-24,12.55,4000.1,17.97,0.02516657,2025-10-28,2025-10-27,2025-10-28,0.95,2240.05,2025-11-06,2025,603376,主板,12.55,4000.1,17.97,5.020125500000001,阶段性收紧后
603334,丰倍生物,2025-11-05,2025-10-27,24.49,3590.0,30.47,0.02391232,2025-10-29,2025-10-28,2025-10-29,1.1,2421.5,2025-11-05,2025,603334,主板,24.49,3590.0,30.47,8.79191,阶段性收紧后
920009,丹娜生物,2025-11-03,2025-10-22,17.1,800.0,11.75,0.02008426,,,2025-10-22,36.0,720.0,2025-11-03,2025,920009,北交所,17.1,800.0,11.75,1.368,阶段性收紧后
688759,必贝特,2025-10-28,2025-10-17,17.78,9000.0,,0.04772481,2025-10-21,2025-10-20,2025-10-21,1.4,2160.0,2025-10-28,2025,688759,科创板,17.78,9000.0,,16.002,阶段性收紧后
688765,禾元生物,2025-10-28,2025-10-14,29.06,8945.1354,,0.05431344,2025-10-16,2025-10-15,2025-10-16,1.4,2150.95,2025-10-28,2025,688765,科创板,29.06,8945.1354,,25.994563472399996,阶段性收紧后
688783,西安奕材,2025-10-28,2025-10-16,8.62,53780.0,,0.0712462,2025-10-20,2025-10-17,2025-10-20,5.35,8067.0,2025-10-28,2025,688783,科创板,8.62,53780.0,,46.35836,阶段性收紧后
920020,泰凯英,2025-10-28,2025-10-15,7.5,4425.0,11.02,0.0386632,,,2025-10-15,199.12,3982.5,2025-10-28,2025,920020,北交所,7.5,4425.0,11.02,3.31875,阶段性收紧后
603175,超颖电子,2025-10-24,2025-10-15,17.08,5250.0,28.64,0.028609,2025-10-17,2025-10-16,2025-10-17,1.25,3079.0,2025-10-24,2025,603175,主板,17.08,5250.0,28.64,8.966999999999999,阶段性收紧后
001386,马可波罗,2025-10-22,2025-10-13,13.75,11949.2,14.27,0.03368491,2025-10-15,2025-10-14,2025-10-15,3.2,7528.0,2025-10-22,2025,001386,主板,13.75,11949.2,14.27,16.43015,阶段性收紧后
601026,道生天合,2025-10-17,2025-09-29,5.98,13188.0,29.05,0.04220717,2025-10-09,2025-09-30,2025-10-09,2.75,7212.9,2025-10-17,2025,601026,主板,5.98,13188.0,29.05,7.886424000000001,阶段性收紧后
920158,长江能科,2025-10-16,2025-09-24,5.33,3450.0,15.48,0.02086877,,,2025-09-24,142.5,2850.0,2025-10-16,2025,920158,北交所,5.33,3450.0,15.48,1.83885,阶段性收紧后
920080,奥美森,2025-10-10,2025-09-22,8.25,2300.0,12.99,0.02225435,,,2025-09-22,95.0,1900.0,2025-10-10,2025,920080,北交所,8.25,2300.0,12.99,1.8975,阶段性收紧后
001285,瑞立科密,2025-09-30,2025-09-19,42.28,4504.4546,29.64,0.02070857,2025-09-23,2025-09-22,2025-09-23,1.6,3281.5,2025-09-30,2025,001285,主板,42.28,4504.4546,29.64,19.044834048800002,阶段性收紧后
301563,云汉芯城,2025-09-30,2025-09-19,27.0,1627.9025,20.91,0.01433697,2025-09-23,2025-09-22,2025-09-23,0.4,709.5,2025-09-30,2025,301563,创业板,27.0,1627.9025,20.91,4.39533675,阶段性收紧后
301668,昊创瑞通,2025-09-26,2025-09-11,21.0,2790.0,21.02,0.01610879,2025-09-15,2025-09-12,2025-09-15,0.65,1156.2,2025-09-26,2025,301668,创业板,21.0,2790.0,21.02,5.859,阶段性收紧后
301584,建发致新,2025-09-25,2025-09-16,7.05,6319.3277,13.29,0.01984722,2025-09-18,2025-09-17,2025-09-18,1.0,2085.35,2025-09-25,2025,301584,创业板,7.05,6319.3277,13.29,4.4551260285,阶段性收紧后
301656,联合动力,2025-09-25,2025-09-15,12.48,28857.491,32.87,0.03281741,2025-09-17,2025-09-16,2025-09-17,4.0,8112.8,2025-09-25,2025,301656,创业板,12.48,28857.491,32.87,36.014148768000005,阶段性收紧后
920015,锦华新材,2025-09-25,2025-09-16,18.15,3756.6667,11.95,0.06617287,,,2025-09-16,155.16,3103.3334,2025-09-25,2025,920015,北交所,18.15,3756.6667,11.95,6.818350060499999,阶段性收紧后
603418,友升股份,2025-09-23,2025-09-12,46.36,4826.7111,22.31,0.02759604,2025-09-16,2025-09-15,2025-09-16,1.5,3199.1,2025-09-23,2025,603418,主板,46.36,4826.7111,22.31,22.376632659600002,阶段性收紧后
920022,世昌股份,2025-09-19,2025-09-09,10.9,1805.5,10.74,0.0250271,,,2025-09-09,74.57,1491.5,2025-09-19,2025,920022,北交所,10.9,1805.5,10.74,1.9679950000000002,阶段性收紧后
301575,艾芬达,2025-09-10,2025-09-01,27.69,2167.0,20.35,0.0152129,2025-09-03,2025-09-02,2025-09-03,0.5,868.25,2025-09-10,2025,301575,创业板,27.69,2167.0,20.35,6.0004230000000005,阶段性收紧后
920100,三协电机,2025-09-08,2025-08-26,8.83,2070.0,12.31,0.02241451,,,2025-08-26,85.5,1710.0,2025-09-08,2025,920100,北交所,8.83,2070.0,12.31,1.82781,阶段性收紧后
603370,华新精科,2025-09-05,2025-08-25,18.6,4373.75,21.68,0.02555726,2025-08-27,2025-08-26,2025-08-27,1.35,2799.2,2025-09-05,2025,603370,主板,18.6,4373.75,21.68,8.135175,阶段性收紧后
920112,巴兰仕,2025-08-28,2025-08-19,15.78,2185.0,10.5,0.03872271,,,2025-08-19,90.25,1805.0,2025-08-28,2025,920112,北交所,15.78,2185.0,10.5,3.4479299999999995,阶段性收紧后
920056,能之光,2025-08-22,2025-08-13,7.21,1699.7,11.59,0.01793232,,,2025-08-13,70.2,1404.1,2025-08-22,2025,920056,北交所,7.21,1699.7,11.59,1.2254836999999998,阶段性收紧后
920018,宏远股份,2025-08-20,2025-08-11,9.17,3528.4096,12.8,0.03607895,,,2025-08-11,145.73,2914.7732,2025-08-20,2025,920018,北交所,9.17,3528.4096,12.8,3.2355516032,阶段性收紧后
920101,志高机械,2025-08-14,2025-08-05,17.41,2470.3711,15.05,0.05,,,2025-08-05,102.03,2040.7563,2025-08-14,2025,920101,北交所,17.41,2470.3711,15.05,4.3009160851,阶段性收紧后
301632,广东建科,2025-08-12,2025-08-01,6.56,10466.0,26.48,0.02356569,2025-08-05,2025-08-04,2025-08-05,1.45,2930.45,2025-08-12,2025,301632,创业板,6.56,10466.0,26.48,6.865695999999999,阶段性收紧后
603406,天富龙,2025-08-08,2025-07-28,23.6,4001.0,20.93,0.02879541,2025-07-30,2025-07-29,2025-07-30,1.05,2546.8,2025-08-08,2025,603406,主板,23.6,4001.0,20.93,9.44236,阶段性收紧后
920007,酉立智能,2025-08-08,2025-07-29,23.99,1288.345,11.75,0.04,,,2025-07-29,53.21,1064.285,2025-08-08,2025,920007,北交所,23.99,1288.345,11.75,3.0907396549999997,阶段性收紧后
301491,汉桑科技,2025-08-06,2025-07-25,28.91,3225.0,14.9,0.01733285,2025-07-29,2025-07-28,2025-07-29,0.75,1345.7,2025-08-06,2025,301491,创业板,28.91,3225.0,14.9,9.323475,阶段性收紧后
920005,鼎佳精密,2025-07-31,2025-07-22,11.16,2300.0,15.55,0.03,,,2025-07-22,95.0,1900.0,2025-07-31,2025,920005,北交所,11.16,2300.0,15.55,2.5668,阶段性收紧后
001221,悍高集团,2025-07-30,2025-07-21,15.43,4001.0,11.86,0.02263331,2025-07-23,2025-07-22,2025-07-23,1.05,2520.65,2025-07-30,2025,001221,主板,15.43,4001.0,11.86,6.1735430000000004,阶段性收紧后
301609,山大电力,2025-07-23,2025-07-14,14.66,4072.0,19.57,0.01838475,2025-07-16,2025-07-15,2025-07-16,1.0,1771.35,2025-07-23,2025,301609,创业板,14.66,4072.0,19.57,5.969552,阶段性收紧后
603262,技源集团,2025-07-23,2025-07-14,10.88,5001.0,25.51,0.02959423,2025-07-16,2025-07-15,2025-07-16,1.2,2800.55,2025-07-23,2025,603262,主板,10.88,5001.0,25.51,5.441088000000001,阶段性收紧后
600930,华电新能,2025-07-16,2025-07-07,3.18,571428.5714,15.56,0.56373573,2025-07-09,2025-07-08,2025-07-09,149.05,219461.7,2025-07-16,2025,600930,主板,3.18,571428.5714,15.56,181.7142857052,阶段性收紧后
301630,同宇新材,2025-07-10,2025-07-01,84.0,1000.0,23.94,0.01141034,2025-07-03,2025-07-02,2025-07-03,1.0,1000.0,2025-07-10,2025,301630,创业板,84.0,1000.0,23.94,8.4,阶段性收紧后
688729,屹唐股份,2025-07-08,2025-06-27,8.45,29556.0,51.55,0.05211051,2025-07-01,2025-06-30,2025-07-01,4.1,6287.85,2025-07-08,2025,688729,科创板,8.45,29556.0,51.55,24.974819999999998,阶段性收紧后
001388,信通电子,2025-07-01,2025-06-20,16.42,3900.0,20.39,0.02374026,2025-06-24,2025-06-23,2025-06-24,1.2,2496.0,2025-07-01,2025,001388,主板,16.42,3900.0,20.39,6.4038,阶段性收紧后
920037,广信科技,2025-06-26,2025-06-17,10.0,2300.0,7.87,0.03,,,2025-06-17,95.0,1900.0,2025-06-26,2025,920037,北交所,10.0,2300.0,7.87,2.3,阶段性收紧后
301678,新恒汇,2025-06-20,2025-06-11,12.8,5988.8867,17.76,0.02094201,2025-06-13,2025-06-12,2025-06-13,1.4,2395.55,2025-06-20,2025,301678,创业板,12.8,5988.8867,17.76,7.665774976000001,阶段性收紧后
603400,华之杰,2025-06-20,2025-06-10,19.88,2500.0,13.05,0.02490265,2025-06-12,2025-06-11,2025-06-12,0.8,1600.0,2025-06-20,2025,603400,主板,19.88,2500.0,13.05,4.97,阶段性收紧后
603382,海阳科技,2025-06-12,2025-06-03,11.5,4531.29,12.69,0.03014953,2025-06-05,2025-06-04,2025-06-05,1.45,2900.05,2025-06-12,2025,603382,主板,11.5,4531.29,12.69,5.2109835,阶段性收紧后
688775,影石创新,2025-06-11,2025-05-30,47.27,4100.0,20.04,0.03553912,2025-06-04,2025-06-03,2025-06-04,0.65,984.0,2025-06-11,2025,688775,科创板,47.27,4100.0,20.04,19.3807,阶段性收紧后
920027,交大铁发,2025-06-10,2025-05-27,8.81,2195.35,13.42,0.03,,,2025-05-27,90.67,1813.55,2025-06-10,2025,920027,北交所,8.81,2195.35,13.42,1.9341033500000002,阶段性收紧后
301590,优优绿能,2025-06-05,2025-05-26,89.6,1050.0,15.37,0.01655952,2025-05-28,2025-05-27,2025-05-28,0.25,424.1,2025-06-05,2025,301590,创业板,89.6,1050.0,15.37,9.408,阶段性收紧后
603049,中策橡胶,2025-06-05,2025-05-23,46.5,8744.856,12.24,0.04799473,2025-05-27,2025-05-26,2025-05-27,2.6,6121.4,2025-06-05,2025,603049,主板,46.5,8744.856,12.24,40.6635804,阶段性收紧后
001390,古麒绒材,2025-05-29,2025-05-19,12.08,5000.0,14.65,0.0272158,2025-05-21,2025-05-20,2025-05-21,2.0,4000.0,2025-05-29,2025,001390,主板,12.08,5000.0,14.65,6.04,阶段性收紧后
301595,太力科技,2025-05-19,2025-05-08,17.05,2707.0,21.55,0.01797921,2025-05-12,2025-05-09,2025-05-12,0.65,1177.55,2025-05-19,2025,301595,创业板,17.05,2707.0,21.55,4.615435,阶段性收紧后
603014,威高血净,2025-05-19,2025-05-08,26.5,4113.9407,24.82,0.03215719,2025-05-12,2025-05-09,2025-05-12,1.1,2685.45,2025-05-19,2025,603014,主板,26.5,4113.9407,24.82,10.901942855,阶段性收紧后
301636,泽润新能,2025-05-16,2025-04-28,33.06,1596.6956,17.57,0.01757419,2025-04-30,2025-04-29,2025-04-30,0.45,774.4,2025-05-16,2025,301636,创业板,33.06,1596.6956,17.57,5.2786756536,阶段性收紧后
688755,汉邦科技,2025-05-16,2025-05-07,22.77,2200.0,26.35,0.03001029,2025-05-09,2025-05-08,2025-05-09,0.5,704.0,2025-05-16,2025,688755,科创板,22.77,2200.0,26.35,5.0094,阶段性收紧后
920068,天工股份,2025-05-13,2025-04-28,3.94,6900.0,15.19,0.04,,,2025-04-28,255.0,5100.0,2025-05-13,2025,920068,北交所,3.94,6900.0,15.19,2.7186,阶段性收紧后
301560,众捷汽车,2025-04-25,2025-04-15,16.5,3040.0,21.3,0.01787322,2025-04-17,2025-04-16,2025-04-17,0.7,1216.0,2025-04-25,2025,301560,创业板,16.5,3040.0,21.3,5.016,阶段性收紧后
001400,江顺科技,2025-04-24,2025-04-15,37.36,1500.0,15.32,0.01172849,2025-04-17,2025-04-16,2025-04-17,1.5,1500.0,2025-04-24,2025,001400,主板,37.36,1500.0,15.32,5.604,阶段性收紧后
603202,天有为,2025-04-24,2025-04-14,93.5,4000.0,13.5,0.03016703,2025-04-16,2025-04-15,2025-04-16,1.25,2610.5,2025-04-24,2025,603202,主板,93.5,4000.0,13.5,37.4,阶段性收紧后
301662,宏工科技,2025-04-17,2025-04-08,26.6,2000.0,7.05,0.01819681,2025-04-10,2025-04-09,2025-04-10,0.45,812.6,2025-04-17,2025,301662,创业板,26.6,2000.0,7.05,5.32,阶段性收紧后
603120,肯特催化,2025-04-16,2025-04-07,15.0,2260.0,16.76,0.02787755,2025-04-09,2025-04-08,2025-04-09,0.9,1808.0,2025-04-16,2025,603120,主板,15.0,2260.0,16.76,3.39,阶段性收紧后
001335,信凯科技,2025-04-15,2025-03-31,12.8,2343.489,14.38,0.02016954,2025-04-02,2025-04-01,2025-04-02,0.9,1874.7,2025-04-15,2025,001335,主板,12.8,2343.489,14.38,2.99966592,阶段性收紧后
301665,泰禾股份,2025-04-11,2025-03-31,10.27,4500.0,13.4,0.02129622,2025-04-02,2025-04-01,2025-04-02,0.7,1485.0,2025-04-11,2025,301665,创业板,10.27,4500.0,13.4,4.6215,阶段性收紧后
603210,泰鸿万立,2025-04-09,2025-03-28,8.6,8510.0,18.6,0.04050726,2025-04-01,2025-03-31,2025-04-01,2.7,5738.85,2025-04-09,2025,603210,主板,8.6,8510.0,18.6,7.3186,阶段性收紧后
603257,中国瑞林,2025-04-08,2025-03-26,20.52,3000.0,18.17,0.02638517,2025-03-28,2025-03-27,2025-03-28,0.95,1992.0,2025-04-08,2025,603257,主板,20.52,3000.0,18.17,6.156,阶段性收紧后
301658,首航新能,2025-04-02,2025-03-24,11.8,4123.7114,15.88,0.0218772,2025-03-26,2025-03-25,2025-03-26,0.75,1616.5,2025-04-02,2025,301658,创业板,11.8,4123.7114,15.88,4.865979452,阶段性收紧后
920029,开发科技,2025-03-28,2025-03-18,30.38,3848.6667,8.68,0.17,,,2025-03-18,158.96,3179.3334,2025-03-28,2025,920029,北交所,30.38,3848.6667,8.68,11.6922494346,阶段性收紧后
301535,浙江华远,2025-03-27,2025-03-14,4.92,6379.4118,25.91,0.02221324,2025-03-18,2025-03-17,2025-03-18,1.2,2487.95,2025-03-27,2025,301535,创业板,4.92,6379.4118,25.91,3.1386706055999998,阶段性收紧后
301616,浙江华业,2025-03-27,2025-03-17,20.87,2000.0,25.22,0.01292526,2025-03-19,2025-03-18,2025-03-19,2.0,2000.0,2025-03-27,2025,301616,创业板,20.87,2000.0,25.22,4.174,阶段性收紧后
688757,胜科纳米,2025-03-25,2025-03-14,9.08,4033.1149,42.64,0.03181202,2025-03-18,2025-03-17,2025-03-18,0.65,1036.05,2025-03-25,2025,688757,科创板,9.08,4033.1149,42.64,3.6620683292000002,阶段性收紧后
301629,矽电股份,2025-03-24,2025-03-11,52.28,1043.1819,26.23,0.01110819,2025-03-13,2025-03-12,2025-03-13,1.0,1043.15,2025-03-24,2025,301629,创业板,52.28,1043.1819,26.23,5.453754973200001,阶段性收紧后
001382,新亚电缆,2025-03-21,2025-03-11,7.4,6200.0,18.71,0.02795032,2025-03-13,2025-03-12,2025-03-13,1.85,4340.0,2025-03-21,2025,001382,主板,7.4,6200.0,18.71,4.588,阶段性收紧后
603124,江南新材,2025-03-20,2025-03-10,10.54,3643.63,12.4,0.02663772,2025-03-12,2025-03-11,2025-03-12,1.15,2335.0,2025-03-20,2025,603124,主板,10.54,3643.63,12.4,3.8403860199999995,阶段性收紧后
301501,恒鑫生活,2025-03-19,2025-03-07,39.92,2550.0,19.24,0.01817122,2025-03-11,2025-03-10,2025-03-11,0.7,1236.75,2025-03-19,2025,301501,创业板,39.92,2550.0,19.24,10.1796,阶段性收紧后
301479,弘景光电,2025-03-18,2025-03-04,41.9,1588.6667,23.3,0.01644839,2025-03-06,2025-03-05,2025-03-06,0.4,705.15,2025-03-18,2025,301479,创业板,41.9,1588.6667,23.3,6.656513472999999,阶段性收紧后
301275,汉朔科技,2025-03-11,2025-02-28,27.5,4224.0,17.14,0.02106641,2025-03-04,2025-03-03,2025-03-04,0.65,1351.65,2025-03-11,2025,301275,创业板,27.5,4224.0,17.14,11.616,阶段性收紧后
603271,永杰新材,2025-03-11,2025-02-28,20.6,4920.0,17.03,0.03106689,2025-03-04,2025-03-03,2025-03-04,1.55,3148.8,2025-03-11,2025,603271,主板,20.6,4920.0,17.03,10.1352,阶段性收紧后
301557,常友科技,2025-03-04,2025-02-18,28.88,1108.0,15.7,0.01213058,2025-02-20,2025-02-19,2025-02-20,1.1,1108.0,2025-03-04,2025,301557,创业板,28.88,1108.0,15.7,3.1999039999999996,阶段性收紧后
603409,汇通控股,2025-03-04,2025-02-21,24.18,3150.7704,20.72,0.02879238,2025-02-25,2025-02-24,2025-02-25,1.25,2520.65,2025-03-04,2025,603409,主板,24.18,3150.7704,20.72,7.6185628272,阶段性收紧后
301173,毓恬冠佳,2025-03-03,2025-02-20,28.33,2195.87,16.07,0.01739317,2025-02-24,2025-02-21,2025-02-24,0.5,882.2,2025-03-03,2025,301173,创业板,28.33,2195.87,16.07,6.220899709999999,阶段性收紧后
920108,宏海科技,2025-02-06,2025-01-17,5.57,2300.0,15.37,0.03,,,2025-01-17,95.0,1900.0,2025-02-06,2025,920108,北交所,5.57,2300.0,15.37,1.2811,阶段性收紧后
001395,亚联机械,2025-01-27,2025-01-16,19.08,2181.0,17.08,0.02036918,2025-01-20,2025-01-17,2025-01-20,0.75,1572.65,2025-01-27,2025,001395,主板,19.08,2181.0,17.08,4.161347999999999,阶段性收紧后
688411,海博思创,2025-01-27,2025-01-16,19.38,4443.2537,6.14,0.0329001,2025-01-20,2025-01-17,2025-01-20,1.1,1512.6,2025-01-27,2025,688411,科创板,19.38,4443.2537,6.14,8.6110256706,阶段性收紧后
001356,富岭股份,2025-01-23,2025-01-14,5.3,14733.0,14.48,0.04166696,2025-01-16,2025-01-15,2025-01-16,3.75,8766.15,2025-01-23,2025,001356,主板,5.3,14733.0,14.48,7.808489999999999,阶段性收紧后
301602,超研股份,2025-01-22,2025-01-13,6.7,6424.9446,28.03,0.02608495,2025-01-15,2025-01-14,2025-01-15,1.05,2259.3,2025-01-22,2025,301602,创业板,6.7,6424.9446,28.03,4.304712882,阶段性收紧后
688545,兴福电子,2025-01-22,2025-01-13,11.68,10000.0,40.46,0.03877818,2025-01-15,2025-01-14,2025-01-15,2.1,2828.85,2025-01-22,2025,688545,科创板,11.68,10000.0,40.46,11.68,阶段性收紧后
301601,惠通科技,2025-01-15,2025-01-06,11.8,3512.0,18.28,0.02014917,2025-01-08,2025-01-07,2025-01-08,0.85,1527.75,2025-01-15,2025,301601,创业板,11.8,3512.0,18.28,4.14416,阶段性收紧后
688583,思看科技,2025-01-15,2025-01-06,33.46,1700.0,23.0,0.02978576,2025-01-08,2025-01-07,2025-01-08,0.4,544.0,2025-01-15,2025,688583,科创板,33.46,1700.0,23.0,5.6882,阶段性收紧后
301458,钧崴电子,2025-01-10,2024-12-30,10.4,6666.67,32.82,0.0224413,2025-01-02,2024-12-31,2025-01-02,1.7,2991.05,2025-01-10,2025,301458,创业板,10.4,6666.67,32.82,6.9333368,阶段性收紧后
688758,赛分科技,2025-01-10,2024-12-30,4.32,4997.569,39.09,0.03496108,2025-01-02,2024-12-31,2025-01-02,0.8,1274.35,2025-01-10,2025,688758,科创板,4.32,4997.569,39.09,2.1589498080000005,阶段性收紧后
301581,黄山谷捷,2025-01-03,2024-12-23,27.5,2000.0,15.14,0.01365904,2024-12-25,2024-12-24,2024-12-25,2.0,2000.0,2025-01-03,2025,301581,创业板,27.5,2000.0,15.14,5.5,阶段性收紧后
603072,天和磁材,2025-01-03,2024-12-20,12.3,6607.0,20.13,0.03746984,2024-12-24,2024-12-23,2024-12-24,2.6,5285.6,2025-01-03,2025,603072,主板,12.3,6607.0,20.13,8.126610000000001,阶段性收紧后
920116,星图测控,2025-01-02,2024-12-24,6.92,3162.5,15.55,0.04,,,2024-12-24,130.62,2612.5,2025-01-02,2025,920116,北交所,6.92,3162.5,15.55,2.18845,阶段性收紧后
001391,国货航,2024-12-30,2024-12-19,2.3,151935.402,25.99,0.1739251,2024-12-23,2024-12-20,2024-12-23,39.6,66058.9,2024-12-30,2024,001391,主板,2.3,151935.402,25.99,34.94514246,阶段性收紧后
920082,方正阀门,2024-12-26,2024-12-17,3.51,3829.5,8.69,0.03,,,2024-12-17,158.17,3163.5,2024-12-26,2024,920082,北交所,3.51,3829.5,8.69,1.3441545,阶段性收紧后
603194,中力股份,2024-12-24,2024-12-13,20.32,6100.0,10.11,0.03647309,2024-12-17,2024-12-16,2024-12-17,1.45,3522.25,2024-12-24,2024,603194,主板,20.32,6100.0,10.11,12.3952,阶段性收紧后
301585,蓝宇股份,2024-12-20,2024-12-06,23.95,2000.0,21.95,0.01685911,2024-12-10,2024-12-09,2024-12-10,0.55,970.0,2024-12-20,2024,301585,创业板,23.95,2000.0,21.95,4.79,阶段性收紧后
301598,博科测试,2024-12-20,2024-12-09,38.46,1472.4306,24.0,0.01253034,2024-12-11,2024-12-10,2024-12-11,1.45,1472.4,2024-12-20,2024,301598,创业板,38.46,1472.4306,24.0,5.6629680875999995,阶段性收紧后
920106,林泰新材,2024-12-18,2024-12-10,19.82,672.75,18.35,0.03,,,2024-12-10,27.78,555.75,2024-12-18,2024,920106,北交所,19.82,672.75,18.35,1.3333905000000001,阶段性收紧后
688605,先锋精科,2024-12-12,2024-12-02,11.29,5059.5,28.64,0.03067312,2024-12-04,2024-12-03,2024-12-04,1.2,1619.05,2024-12-12,2024,688605,科创板,11.29,5059.5,28.64,5.7121755,阶段性收紧后
301617,博苑股份,2024-12-11,2024-11-29,27.76,2570.0,15.86,0.0181228,2024-12-03,2024-12-02,2024-12-03,0.7,1246.45,2024-12-11,2024,301617,创业板,27.76,2570.0,15.86,7.13432,阶段性收紧后
688708,佳驰科技,2024-12-05,2024-11-25,27.08,4001.0,20.72,0.03576676,2024-11-27,2024-11-26,2024-11-27,0.75,1144.25,2024-12-05,2024,688708,科创板,27.08,4001.0,20.72,10.834708,阶段性收紧后
920098,科隆新材,2024-12-05,2024-11-26,14.0,1725.0,14.86,0.05,,,2024-11-26,71.25,1425.0,2024-12-05,2024,920098,北交所,14.0,1725.0,14.86,2.415,阶段性收紧后
301622,英思特,2024-12-04,2024-11-22,22.36,2898.297,21.63,0.01934574,2024-11-26,2024-11-25,2024-11-26,0.8,1405.7,2024-12-04,2024,301622,创业板,22.36,2898.297,21.63,6.480592091999999,阶段性收紧后
688449,联芸科技,2024-11-29,2024-11-18,11.25,10000.0,166.67,0.03884454,2024-11-20,2024-11-19,2024-11-20,1.4,2100.0,2024-11-29,2024,688449,科创板,11.25,10000.0,166.67,11.25,阶段性收紧后
920128,胜业电气,2024-11-29,2024-11-18,9.12,2070.0,16.51,0.05,,,2024-11-18,85.5,1710.0,2024-11-29,2024,920128,北交所,9.12,2070.0,16.51,1.8878399999999997,阶段性收紧后
603395,红四方,2024-11-26,2024-11-15,7.98,5000.0,10.62,0.03302307,2024-11-19,2024-11-18,2024-11-19,1.6,3249.15,2024-11-26,2024,603395,主板,7.98,5000.0,10.62,3.99,阶段性收紧后
301631,壹连科技,2024-11-22,2024-11-08,72.99,1633.0,19.06,0.01791406,2024-11-12,2024-11-11,2024-11-12,0.35,666.7,2024-11-22,2024,301631,创业板,72.99,1633.0,19.06,11.919267,阶段性收紧后
688750,金天钛业,2024-11-20,2024-11-08,7.16,9250.0,24.72,0.039441,2024-11-12,2024-11-11,2024-11-12,1.65,2497.5,2024-11-20,2024,688750,科创板,7.16,9250.0,24.72,6.623,阶段性收紧后
920060,万源通,2024-11-19,2024-11-08,11.16,3565.0,15.4,0.09,,,2024-11-08,147.25,2945.0,2024-11-19,2024,920060,北交所,11.16,3565.0,15.4,3.97854,阶段性收紧后
920111,聚星科技,2024-11-11,2024-10-29,6.25,4465.45,13.23,0.07,,,2024-10-29,184.44,3688.85,2024-11-11,2024,920111,北交所,6.25,4465.45,13.23,2.79090625,阶段性收紧后
301633,港迪技术,2024-11-07,2024-10-25,37.94,1392.0,26.71,0.01320549,2024-10-29,2024-10-28,2024-10-29,1.35,1392.0,2024-11-07,2024,301633,创业板,37.94,1392.0,26.71,5.281248,阶段性收紧后
603205,健尔康,2024-11-07,2024-10-25,14.65,3000.0,14.59,0.02943818,2024-10-29,2024-10-28,2024-10-29,1.2,2400.0,2024-11-07,2024,603205,主板,14.65,3000.0,14.59,4.395,阶段性收紧后
301628,强达电路,2024-10-31,2024-10-21,28.18,1884.4,24.98,0.01523552,2024-10-23,2024-10-22,2024-10-23,1.85,1884.4,2024-10-31,2024,301628,创业板,28.18,1884.4,24.98,5.3102392,阶段性收紧后
920066,科拜尔,2024-10-31,2024-10-22,13.31,1244.0848,14.45,0.05,,,2024-10-22,51.38,1027.7223,2024-10-31,2024,920066,北交所,13.31,1244.0848,14.45,1.6558768688,阶段性收紧后
688726,拉普拉斯,2024-10-29,2024-10-18,17.58,4053.2619,19.87,0.03960504,2024-10-22,2024-10-21,2024-10-22,0.65,1052.2,2024-10-29,2024,688726,科创板,17.58,4053.2619,19.87,7.125634420199999,阶段性收紧后
920088,科力股份,2024-10-29,2024-10-18,7.32,2415.0,14.79,0.06,,,2024-10-18,99.75,1995.0,2024-10-29,2024,920088,北交所,7.32,2415.0,14.79,1.76778,阶段性收紧后
301613,新铝时代,2024-10-25,2024-10-16,27.7,2397.36,14.57,0.02135692,2024-10-18,2024-10-17,2024-10-18,0.65,1162.7,2024-10-25,2024,301613,创业板,27.7,2397.36,14.57,6.6406872,阶段性收紧后
301592,六九一二,2024-10-24,2024-10-11,29.49,1750.0,22.66,0.01722456,2024-10-15,2024-10-14,2024-10-15,1.75,1750.0,2024-10-24,2024,301592,创业板,29.49,1750.0,22.66,5.16075,阶段性收紧后
301626,苏州天脉,2024-10-24,2024-10-15,21.23,2892.0,16.31,0.02155151,2024-10-17,2024-10-16,2024-10-17,0.7,1258.05,2024-10-24,2024,301626,创业板,21.23,2892.0,16.31,6.139716,阶段性收紧后
301556,托普云农,2024-10-17,2024-10-08,14.5,2132.0,11.73,0.02092137,2024-10-10,2024-10-09,2024-10-10,0.5,930.75,2024-10-17,2024,301556,创业板,14.5,2132.0,11.73,3.0914,阶段性收紧后
301522,上大股份,2024-10-16,2024-09-30,6.88,9296.6667,20.02,0.03259391,2024-10-09,2024-10-08,2024-10-09,2.2,3718.7,2024-10-16,2024,301522,创业板,6.88,9296.6667,20.02,6.3961066896,阶段性收紧后
001279,强邦新材,2024-10-11,2024-09-25,9.68,4000.0,17.54,0.03562907,2024-09-27,2024-09-26,2024-09-27,1.4,2945.0,2024-10-11,2024,001279,主板,9.68,4000.0,17.54,3.872,阶段性收紧后
920019,铜冠矿建,2024-10-11,2024-09-18,4.33,5826.67,15.48,0.11,,,2024-09-18,215.33,4306.67,2024-10-11,2024,920019,北交所,4.33,5826.67,15.48,2.52294811,阶段性收紧后
301618,长联科技,2024-09-30,2024-09-19,21.12,1611.0,17.0,0.02084121,2024-09-23,2024-09-20,2024-09-23,1.6,1611.0,2024-09-30,2024,301618,创业板,21.12,1611.0,17.0,3.402432,阶段性收紧后
301551,无线传媒,2024-09-26,2024-09-13,9.4,4001.0,13.95,0.03815396,2024-09-19,2024-09-18,2024-09-19,0.6,1397.8,2024-09-26,2024,301551,创业板,9.4,4001.0,13.95,3.76094,阶段性收紧后
688615,合合信息,2024-09-26,2024-09-13,55.18,2500.0,18.55,0.04624516,2024-09-19,2024-09-18,2024-09-19,0.6,800.0,2024-09-26,2024,688615,科创板,55.18,2500.0,18.55,13.795,阶段性收紧后
920099,瑞华技术,2024-09-25,2024-09-10,19.0,1840.0,13.54,0.5,,,2024-09-10,76.0,1520.0,2024-09-25,2024,920099,北交所,19.0,1840.0,13.54,3.496,阶段性收紧后
603091,众鑫股份,2024-09-20,2024-09-06,26.5,2555.97,11.86,0.04201082,2024-09-10,2024-09-09,2024-09-10,0.8,1635.85,2024-09-20,2024,603091,主板,26.5,2555.97,11.86,6.7733205000000005,阶段性收紧后
920016,中草香料,2024-09-13,2024-09-03,7.5,1719.25,15.37,0.07,,,2024-09-03,71.01,1420.25,2024-09-13,2024,920016,北交所,7.5,1719.25,15.37,1.2894375,阶段性收紧后
301600,慧翰股份,2024-09-11,2024-09-02,39.84,1755.0,22.57,0.02253891,2024-09-04,2024-09-03,2024-09-04,1.75,1755.0,2024-09-11,2024,301600,创业板,39.84,1755.0,22.57,6.991920000000001,阶段性收紧后
301607,富特科技,2024-09-04,2024-08-26,14.0,2775.3643,16.82,0.02735277,2024-08-28,2024-08-27,2024-08-28,0.65,1137.9,2024-09-04,2024,301607,创业板,14.0,2775.3643,16.82,3.88551002,阶段性收紧后
001277,速达股份,2024-09-03,2024-08-23,32.0,1900.0,15.05,0.02241806,2024-08-27,2024-08-26,2024-08-27,1.9,1900.0,2024-09-03,2024,001277,主板,32.0,1900.0,15.05,6.08,阶段性收紧后
688710,益诺思,2024-09-03,2024-08-23,19.06,3524.4904,15.4,0.0486309,2024-08-27,2024-08-26,2024-08-27,0.8,1127.85,2024-09-03,2024,688710,科创板,19.06,3524.4904,15.4,6.717678702400001,阶段性收紧后
920008,成电光信,2024-08-29,2024-08-20,10.0,1058.0,15.15,0.06,,,2024-08-20,43.7,874.0,2024-08-29,2024,920008,北交所,10.0,1058.0,15.15,1.058,阶段性收紧后
301586,佳力奇,2024-08-28,2024-08-19,18.09,2074.3876,19.15,0.0274837,2024-08-21,2024-08-20,2024-08-21,0.55,1006.1,2024-08-28,2024,301586,创业板,18.09,2074.3876,19.15,3.7525671684,阶段性收紧后
603207,小方制药,2024-08-26,2024-08-15,12.47,4000.0,10.02,0.0478282,2024-08-19,2024-08-16,2024-08-19,1.6,3200.0,2024-08-26,2024,603207,主板,12.47,4000.0,10.02,4.988,阶段性收紧后
920118,太湖远大,2024-08-22,2024-08-13,17.0,839.5,11.8,0.09,,,2024-08-13,34.67,693.5,2024-08-22,2024,920118,北交所,17.0,839.5,11.8,1.42715,阶段性收紧后
301571,国科天成,2024-08-21,2024-08-12,11.14,4485.6477,15.76,0.03085144,2024-08-14,2024-08-13,2024-08-14,1.05,1794.3,2024-08-21,2024,301571,创业板,11.14,4485.6477,15.76,4.997011537800001,阶段性收紧后
301611,珂玛科技,2024-08-16,2024-08-05,8.0,7500.0,44.9,0.0362032,2024-08-07,2024-08-06,2024-08-07,1.2,2400.0,2024-08-16,2024,301611,创业板,8.0,7500.0,44.9,6.0,阶段性收紧后
603310,巍华新材,2024-08-14,2024-08-05,17.39,8634.0,12.26,0.05949389,2024-08-07,2024-08-06,2024-08-07,2.75,5525.75,2024-08-14,2024,603310,主板,17.39,8634.0,12.26,15.014526000000002,阶段性收紧后
688721,龙图光罩,2024-08-06,2024-07-26,18.5,3337.5,30.2,0.04376099,2024-07-30,2024-07-29,2024-07-30,0.8,1068.0,2024-08-06,2024,688721,科创板,18.5,3337.5,30.2,6.174375,阶段性收紧后
301608,博实结,2024-08-01,2024-07-23,44.5,2225.27,23.98,0.02793922,2024-07-25,2024-07-24,2024-07-25,0.5,890.15,2024-08-01,2024,301608,创业板,44.5,2225.27,23.98,9.9024515,阶段性收紧后
603391,力聚热能,2024-07-31,2024-07-22,40.0,2275.0,15.56,0.03967684,2024-07-24,2024-07-23,2024-07-24,0.9,1820.0,2024-07-31,2024,603391,主板,40.0,2275.0,15.56,9.1,阶段性收紧后
301606,绿联科技,2024-07-26,2024-07-15,21.21,4150.0,24.0,0.03193426,2024-07-17,2024-07-16,2024-07-17,0.65,1328.05,2024-07-26,2024,301606,创业板,21.21,4150.0,24.0,8.80215,阶段性收紧后
301552,科力装备,2024-07-22,2024-07-11,30.0,1700.0,15.08,0.02412762,2024-07-15,2024-07-12,2024-07-15,0.4,697.7,2024-07-22,2024,301552,创业板,30.0,1700.0,15.08,5.1,阶段性收紧后
301603,乔锋智能,2024-07-10,2024-07-01,26.5,3019.0,19.96,0.02698079,2024-07-03,2024-07-02,2024-07-03,0.7,1207.6,2024-07-10,2024,301603,创业板,26.5,3019.0,19.96,8.00035,阶段性收紧后
603285,键邦股份,2024-07-05,2024-06-26,18.65,4000.0,16.43,0.04611722,2024-06-28,2024-06-27,2024-06-28,1.6,3200.0,2024-07-05,2024,603285,主板,18.65,4000.0,16.43,7.46,阶段性收紧后
603350,安乃达,2024-07-03,2024-06-24,20.56,2900.0,18.02,0.04275516,2024-06-26,2024-06-25,2024-06-26,1.15,2320.0,2024-07-03,2024,603350,主板,20.56,2900.0,18.02,5.9624,阶段性收紧后
301580,爱迪特,2024-06-26,2024-06-17,44.95,1902.9382,25.49,0.02578754,2024-06-19,2024-06-18,2024-06-19,0.5,922.9,2024-06-26,2024,301580,创业板,44.95,1902.9382,25.49,8.553707209,阶段性收紧后
603381,永臻股份,2024-06-26,2024-06-17,23.35,5931.41,15.06,0.05000438,2024-06-19,2024-06-18,2024-06-19,2.1,4270.65,2024-06-26,2024,603381,主板,23.35,5931.41,15.06,13.849842350000001,阶段性收紧后
301565,中仑新材,2024-06-20,2024-06-11,11.88,6001.0,23.63,0.03672831,2024-06-13,2024-06-12,2024-06-13,1.1,2340.35,2024-06-20,2024,301565,创业板,11.88,6001.0,23.63,7.129188,阶段性收紧后
688692,达梦数据,2024-06-12,2024-05-31,86.96,1900.0,24.09,0.04468753,2024-06-04,2024-06-03,2024-06-04,0.45,608.0,2024-06-12,2024,688692,科创板,86.96,1900.0,24.09,16.5224,阶段性收紧后
300784,利安科技,2024-06-07,2024-05-28,28.3,1406.0,22.4,0.01914003,2024-05-30,2024-05-29,2024-05-30,1.4,1406.0,2024-06-07,2024,300784,创业板,28.3,1406.0,22.4,3.9789800000000004,阶段性收紧后
301392,汇成真空,2024-06-05,2024-05-24,12.2,2500.0,16.31,0.02811615,2024-05-28,2024-05-27,2024-05-28,0.6,1087.5,2024-06-05,2024,301392,创业板,12.2,2500.0,16.31,3.05,阶段性收紧后
920002,万达轴承,2024-05-30,2024-05-21,20.74,575.0,14.33,0.07,,,2024-05-21,23.75,475.0,2024-05-30,2024,920002,北交所,20.74,575.0,14.33,1.19255,阶段性收紧后
301596,瑞迪智驱,2024-05-13,2024-04-29,25.92,1377.9518,15.65,0.01722722,2024-05-06,2024-04-30,2024-05-06,1.35,1377.95,2024-05-13,2024,301596,创业板,25.92,1377.9518,15.65,3.5716510656000007,阶段性收紧后
688530,欧莱新材,2024-05-09,2024-04-25,9.6,4001.1206,41.44,0.04512993,2024-04-29,2024-04-26,2024-04-29,0.95,1280.35,2024-05-09,2024,688530,科创板,9.6,4001.1206,41.44,3.841075776,阶段性收紧后
301539,宏鑫科技,2024-04-15,2024-04-01,10.64,3700.0,25.0,0.02486435,2024-04-03,2024-04-02,2024-04-03,1.05,1794.5,2024-04-15,2024,301539,创业板,10.64,3700.0,25.0,3.9368,阶段性收紧后
688691,灿芯股份,2024-04-11,2024-03-29,19.86,3000.0,25.12,0.04100332,2024-04-02,2024-04-01,2024-04-02,0.75,1020.0,2024-04-11,2024,688691,科创板,19.86,3000.0,25.12,5.958,阶段性收紧后
301587,中瑞股份,2024-04-08,2024-03-25,21.73,3683.201,18.79,0.02576321,2024-03-27,2024-03-26,2024-03-27,0.85,1494.9,2024-04-08,2024,301587,创业板,21.73,3683.201,18.79,8.003595773,阶段性收紧后
920931,无锡鼎邦,2024-04-08,2024-03-27,6.2,2875.0,14.58,0.08,,,2024-03-27,118.75,2375.0,2024-04-08,2024,920931,北交所,6.2,2875.0,14.58,1.7825,阶段性收紧后
001389,广合科技,2024-04-02,2024-03-22,17.43,4230.0,26.32,0.03638079,2024-03-26,2024-03-25,2024-03-26,1.1,2664.9,2024-04-02,2024,001389,主板,17.43,4230.0,26.32,7.372889999999999,阶段性收紧后
920123,芭薇股份,2024-03-29,2024-03-20,5.77,920.0,14.2,0.04,,,2024-03-20,38.0,760.0,2024-03-29,2024,920123,北交所,5.77,920.0,14.2,0.53084,阶段性收紧后
001359,平安电工,2024-03-28,2024-03-15,17.39,4638.0,25.88,0.03755406,2024-03-19,2024-03-18,2024-03-19,1.85,3710.4,2024-03-28,2024,001359,主板,17.39,4638.0,25.88,8.065482000000001,阶段性收紧后
301536,星宸科技,2024-03-28,2024-03-18,16.16,4211.263,15.34,0.02817448,2024-03-20,2024-03-19,2024-03-20,0.7,1473.95,2024-03-28,2024,301536,创业板,16.16,4211.263,15.34,6.805401008,阶段性收紧后
920438,戈碧迦,2024-03-25,2024-03-13,10.0,2300.0,13.55,0.11,,,2024-03-13,95.0,1900.0,2024-03-25,2024,920438,北交所,10.0,2300.0,13.55,2.3,阶段性收紧后
301538,骏鼎达,2024-03-20,2024-03-11,55.82,1000.0,20.26,0.0239307,2024-03-13,2024-03-12,2024-03-13,0.25,485.0,2024-03-20,2024,301538,创业板,55.82,1000.0,20.26,5.582,阶段性收紧后
603344,星德胜,2024-03-20,2024-03-11,19.18,4863.2745,20.44,0.04524902,2024-03-13,2024-03-12,2024-03-13,1.9,3890.65,2024-03-20,2024,603344,主板,19.18,4863.2745,20.44,9.327760491000001,阶段性收紧后
301588,美新科技,2024-03-13,2024-03-04,14.5,2971.6939,20.9,0.02431213,2024-03-06,2024-03-05,2024-03-06,0.7,1188.7,2024-03-13,2024,301588,创业板,14.5,2971.6939,20.9,4.308956155000001,阶段性收紧后
688695,中创股份,2024-03-13,2024-03-04,22.43,2126.2845,49.01,0.03929963,2024-03-06,2024-03-05,2024-03-06,0.55,765.45,2024-03-13,2024,688695,科创板,22.43,2126.2845,49.01,4.769256133500001,阶段性收紧后
920706,铁拓机械,2024-03-08,2024-02-28,6.69,2560.6245,10.92,0.11,,,2024-02-28,105.76,2115.2985,2024-03-08,2024,920706,北交所,6.69,2560.6245,10.92,1.7130577905000002,阶段性收紧后
603341,龙旗科技,2024-03-01,2024-02-21,26.0,6000.0,24.13,0.04871775,2024-02-23,2024-02-22,2024-02-23,1.4,3360.0,2024-03-01,2024,603341,主板,26.0,6000.0,24.13,15.6,阶段性收紧后
301591,肯特股份,2024-02-28,2024-02-08,19.43,2103.0,22.81,0.03013045,2024-02-20,2024-02-19,2024-02-20,0.55,1019.95,2024-02-28,2024,301591,创业板,19.43,2103.0,22.81,4.086129,阶段性收紧后
301589,诺瓦星云,2024-02-08,2024-01-30,126.89,1284.0,21.93,0.02776872,2024-02-01,2024-01-31,2024-02-01,0.3,513.6,2024-02-08,2024,301589,创业板,126.89,1284.0,21.93,16.292676,阶段性收紧后
688584,上海合晶,2024-02-08,2024-01-30,22.66,6620.6036,42.05,0.05639813,2024-02-01,2024-01-31,2024-02-01,1.05,1622.1,2024-02-08,2024,688584,科创板,22.66,6620.6036,42.05,15.0022877576,阶段性收紧后
688709,成都华微,2024-02-07,2024-01-29,15.69,9560.0,37.04,0.05753434,2024-01-31,2024-01-30,2024-01-31,1.5,2300.8,2024-02-07,2024,688709,科创板,15.69,9560.0,37.04,14.99964,阶段性收紧后
301502,华阳智能,2024-02-02,2024-01-24,28.01,1427.1,25.58,0.02545218,2024-01-26,2024-01-25,2024-01-26,0.4,692.15,2024-02-02,2024,301502,创业板,28.01,1427.1,25.58,3.9973070999999996,阶段性收紧后
920656,海昇药业,2024-02-02,2024-01-24,19.9,2300.0,14.53,0.23,,,2024-01-24,95.0,1900.0,2024-02-02,2024,920656,北交所,19.9,2300.0,14.53,4.577,阶段性收紧后
603082,北自科技,2024-01-30,2024-01-19,21.28,4055.69,28.19,0.0432405,2024-01-23,2024-01-22,2024-01-23,1.25,2595.65,2024-01-30,2024,603082,主板,21.28,4055.69,28.19,8.63050832,阶段性收紧后
920496,许昌智能,2024-01-26,2024-01-17,4.6,3737.5,30.56,0.08,,,2024-01-17,154.37,3087.5,2024-01-26,2024,920496,北交所,4.6,3737.5,30.56,1.71925,阶段性收紧后
301577,美信科技,2024-01-24,2024-01-15,36.51,1109.5149,25.22,0.01692154,2024-01-17,2024-01-16,2024-01-17,1.1,1109.5,2024-01-24,2024,301577,创业板,36.51,1109.5149,25.22,4.0508388999,阶段性收紧后
603375,盛景微,2024-01-24,2024-01-15,38.18,2516.6667,22.27,0.03399676,2024-01-17,2024-01-16,2024-01-17,0.8,1610.65,2024-01-24,2024,603375,主板,38.18,2516.6667,22.27,9.6086334606,阶段性收紧后
001379,腾达科技,2024-01-19,2024-01-09,16.98,5000.0,26.05,0.03825264,2024-01-11,2024-01-10,2024-01-11,2.0,4000.0,2024-01-19,2024,001379,主板,16.98,5000.0,26.05,8.49,阶段性收紧后
601033,永兴股份,2024-01-18,2024-01-09,16.2,15000.0,21.76,0.08230376,2024-01-11,2024-01-10,2024-01-11,4.5,10500.0,2024-01-18,2024,601033,主板,16.2,15000.0,21.76,24.3,阶段性收紧后
920403,康农种业,2024-01-18,2024-01-08,11.2,1513.4,16.95,0.08,,,2024-01-08,62.51,1250.2,2024-01-18,2024,920403,北交所,11.2,1513.4,16.95,1.695008,阶段性收紧后
301567,贝隆精密,2024-01-16,2024-01-05,21.46,1800.0,30.35,0.02007034,2024-01-09,2024-01-08,2024-01-09,1.8,1800.0,2024-01-16,2024,301567,创业板,21.46,1800.0,30.35,3.8628,阶段性收紧后
001387,雪祺电气,2024-01-11,2024-01-02,15.38,3419.0,22.53,0.03123812,2024-01-04,2024-01-03,2024-01-04,1.35,2735.2,2024-01-11,2024,001387,主板,15.38,3419.0,22.53,5.258422,阶段性收紧后
603312,西典新能,2024-01-11,2024-01-02,29.02,4040.0,30.55,0.03933957,2024-01-04,2024-01-03,2024-01-04,1.25,2688.3,2024-01-11,2024,603312,主板,29.02,4040.0,30.55,11.72408,阶段性收紧后
920806,云星宇,2024-01-11,2024-01-03,4.63,8333.6667,22.11,0.14,,,2024-01-03,307.98,6159.6667,2024-01-11,2024,920806,北交所,4.63,8333.6667,22.11,3.8584876821,阶段性收紧后
603325,博隆技术,2024-01-10,2023-12-29,72.46,1667.0,20.78,0.03395287,2024-01-03,2024-01-02,2024-01-03,0.65,1333.6,2024-01-10,2024,603325,主板,72.46,1667.0,20.78,12.079082,阶段性收紧后
920690,捷众科技,2024-01-05,2023-12-26,9.34,1380.0,17.46,0.07,,,2023-12-26,57.0,1140.0,2024-01-05,2024,920690,北交所,9.34,1380.0,17.46,1.2889199999999998,阶段性收紧后
688717,艾罗能源,2024-01-03,2023-12-22,55.66,4000.0,7.95,0.04474573,2023-12-26,2023-12-25,2023-12-26,0.95,1280.0,2024-01-03,2024,688717,科创板,55.66,4000.0,7.95,22.264,阶段性收紧后
301566,达利凯普,2023-12-29,2023-12-20,8.9,6001.0,20.99,0.03221182,2023-12-22,2023-12-21,2023-12-22,0.95,1933.4,2023-12-29,2023,301566,创业板,8.9,6001.0,20.99,5.34089,阶段性收紧后
301578,辰奕智能,2023-12-28,2023-12-19,48.94,1200.0,26.5,0.02663656,2023-12-21,2023-12-20,2023-12-21,0.3,582.0,2023-12-28,2023,301578,创业板,48.94,1200.0,26.5,5.8728,阶段性收紧后
920363,莱赛激光,2023-12-28,2023-12-18,7.28,2204.1667,17.34,0.09,,,2023-12-18,91.04,1820.8334,2023-12-28,2023,920363,北交所,7.28,2204.1667,17.34,1.6046333576000003,阶段性收紧后
603004,鼎龙科技,2023-12-27,2023-12-18,16.8,5888.0,26.37,0.05074775,2023-12-20,2023-12-19,2023-12-20,2.35,4710.4,2023-12-27,2023,603004,主板,16.8,5888.0,26.37,9.89184,阶段性收紧后
301526,国际复材,2023-12-26,2023-12-15,2.66,70000.0,10.21,0.11192323,2023-12-19,2023-12-18,2023-12-19,9.8,21457.15,2023-12-26,2023,301526,创业板,2.66,70000.0,10.21,18.62,阶段性收紧后
601096,宏盛华源,2023-12-22,2023-12-13,1.7,66878.8772,31.54,0.24525707,2023-12-15,2023-12-14,2023-12-15,20.05,46815.2,2023-12-22,2023,601096,主板,1.7,66878.8772,31.54,11.369409123999999,阶段性收紧后
001358,兴欣新材,2023-12-21,2023-12-12,41.0,2200.0,17.43,0.02940998,2023-12-14,2023-12-13,2023-12-14,0.85,1760.0,2023-12-21,2023,001358,主板,41.0,2200.0,17.43,9.02,阶段性收紧后
920061,西磁科技,2023-12-21,2023-12-12,8.09,1770.0,18.61,0.08,,,2023-12-12,73.1,1462.18,2023-12-21,2023,920061,北交所,8.09,1770.0,18.61,1.43193,阶段性收紧后
603373,安邦护卫,2023-12-20,2023-12-11,19.1,2688.1721,19.86,0.03683677,2023-12-13,2023-12-12,2023-12-13,1.05,2150.55,2023-12-20,2023,603373,主板,19.1,2688.1721,19.86,5.134408711,阶段性收紧后
920284,灵鸽科技,2023-12-19,2023-12-08,5.6,1725.0,15.49,0.06,,,2023-12-08,71.25,1425.0,2023-12-19,2023,920284,北交所,5.6,1725.0,15.49,0.966,阶段性收紧后
301413,安培龙,2023-12-18,2023-12-07,33.25,1892.35,35.92,0.02536976,2023-12-11,2023-12-08,2023-12-11,0.45,823.15,2023-12-18,2023,301413,创业板,33.25,1892.35,35.92,6.29206375,阶段性收紧后
603231,索宝蛋白,2023-12-15,2023-12-04,21.29,4786.48,26.74,0.04415764,2023-12-06,2023-12-05,2023-12-06,1.9,3829.15,2023-12-15,2023,603231,主板,21.29,4786.48,26.74,10.190415919999998,阶段性收紧后
920375,派诺科技,2023-12-14,2023-12-06,11.52,1150.0,16.81,0.08,,,2023-12-06,47.5,950.0,2023-12-14,2023,920375,北交所,11.52,1150.0,16.81,1.3248,阶段性收紧后
301459,丰茂股份,2023-12-13,2023-12-04,31.9,2000.0,28.27,0.02332757,2023-12-06,2023-12-05,2023-12-06,0.55,970.0,2023-12-13,2023,301459,创业板,31.9,2000.0,28.27,6.38,阶段性收紧后
001239,永达股份,2023-12-12,2023-11-30,12.05,6000.0,35.64,0.03811362,2023-12-04,2023-12-01,2023-12-04,1.9,3871.9,2023-12-12,2023,001239,主板,12.05,6000.0,35.64,7.23,阶段性收紧后
920547,无锡晶海,2023-12-12,2023-11-30,16.53,1794.0,16.63,0.18,,,2023-11-30,74.1,1482.0,2023-12-12,2023,920547,北交所,16.53,1794.0,16.63,2.965482,阶段性收紧后
301516,中远通,2023-12-08,2023-11-29,6.87,7017.5439,20.53,0.03278941,2023-12-01,2023-11-30,2023-12-01,1.75,3095.65,2023-12-08,2023,301516,创业板,6.87,7017.5439,20.53,4.821052659299999,阶段性收紧后
688720,艾森股份,2023-12-06,2023-11-27,28.03,2203.3334,171.51,0.04428222,2023-11-29,2023-11-28,2023-11-29,0.5,705.8,2023-12-06,2023,688720,科创板,28.03,2203.3334,171.51,6.1759435202,阶段性收紧后
601083,锦江航运,2023-12-05,2023-11-24,11.25,19412.0,8.24,0.10085872,2023-11-28,2023-11-27,2023-11-28,5.8,13588.4,2023-12-05,2023,601083,主板,11.25,19412.0,8.24,21.8385,阶段性收紧后
920703,广厦环能,2023-12-05,2023-11-24,23.45,1725.0,14.42,0.25,,,2023-11-24,71.25,1425.0,2023-12-05,2023,920703,北交所,23.45,1725.0,14.42,4.045125,阶段性收紧后
301508,中机认检,2023-12-01,2023-11-21,16.82,5652.13,37.39,0.02787852,2023-11-23,2023-11-22,2023-11-23,1.35,2260.85,2023-12-01,2023,301508,创业板,16.82,5652.13,37.39,9.50688266,阶段性收紧后
920579,机科股份,2023-11-30,2023-11-22,8.0,3588.0,25.7,0.2,,,2023-11-22,148.2,2964.0,2023-11-30,2023,920579,北交所,8.0,3588.0,25.7,2.8704,阶段性收紧后
688652,京仪装备,2023-11-29,2023-11-20,31.95,4200.0,65.44,0.04663654,2023-11-22,2023-11-21,2023-11-22,1.15,1600.2,2023-11-29,2023,688652,科创板,31.95,4200.0,65.44,13.419,阶段性收紧后
301568,思泰克,2023-11-28,2023-11-17,23.23,2582.0,22.03,0.02607225,2023-11-21,2023-11-20,2023-11-21,0.7,1252.25,2023-11-28,2023,301568,创业板,23.23,2582.0,22.03,5.997986,阶段性收紧后
920570,坤博精工,2023-11-23,2023-11-15,19.48,902.75,19.2,0.17,,,2023-11-15,37.28,745.75,2023-11-23,2023,920570,北交所,19.48,902.75,19.2,1.758557,阶段性收紧后
688653,康希通信,2023-11-17,2023-11-08,10.5,6368.0,441.18,0.05284725,2023-11-10,2023-11-09,2023-11-10,1.05,1628.6,2023-11-17,2023,688653,科创板,10.5,6368.0,441.18,6.6864,阶段性收紧后
001306,夏厦精密,2023-11-16,2023-11-07,53.63,1550.0,44.89,0.0281954,2023-11-09,2023-11-08,2023-11-09,0.6,1240.0,2023-11-16,2023,001306,主板,53.63,1550.0,44.89,8.31265,阶段性收紧后
920132,泰鹏智能,2023-11-16,2023-11-06,8.8,1380.0,11.81,0.14,,,2023-11-06,57.0,1140.0,2023-11-16,2023,920132,北交所,8.8,1380.0,11.81,1.2144000000000001,阶段性收紧后
920522,纳科诺尔,2023-11-16,2023-11-01,15.0,2300.0,12.92,0.51,,,2023-11-01,95.0,1900.0,2023-11-16,2023,920522,北交所,15.0,2300.0,12.92,3.45,阶段性收紧后
688648,中邮科技,2023-11-13,2023-11-02,15.18,3400.0,28.94,0.04517002,2023-11-06,2023-11-03,2023-11-06,0.9,1224.0,2023-11-13,2023,688648,科创板,15.18,3400.0,28.94,5.1612,阶段性收紧后
920679,前进科技,2023-11-10,2023-10-27,13.99,1547.0,15.63,2.03,,,2023-10-27,63.89,1277.8,2023-11-10,2023,920679,北交所,13.99,1547.0,15.63,2.164253,阶段性收紧后
001326,联域股份,2023-11-09,2023-10-30,41.18,1830.0,22.63,0.02870307,2023-11-01,2023-10-31,2023-11-01,0.7,1464.0,2023-11-09,2023,001326,主板,41.18,1830.0,22.63,7.535939999999999,阶段性收紧后
920833,美心翼申,2023-11-08,2023-10-30,10.0,1380.0,16.33,1.87,,,2023-10-30,57.0,1140.0,2023-11-08,2023,920833,北交所,10.0,1380.0,16.33,1.38,阶段性收紧后
603062,麦加芯彩,2023-11-07,2023-10-27,58.08,2700.0,26.28,0.04553059,2023-10-31,2023-10-30,2023-10-31,1.05,2160.0,2023-11-07,2023,603062,主板,58.08,2700.0,26.28,15.6816,阶段性收紧后
001376,百通能源,2023-11-03,2023-10-25,4.56,4609.0,20.99,0.05019968,2023-10-27,2023-10-26,2023-10-27,1.35,4148.1,2023-11-03,2023,001376,主板,4.56,4609.0,20.99,2.101704,阶段性收紧后
920130,立方控股,2023-11-02,2023-10-25,7.69,1667.5,17.15,0.56,,,2023-10-25,68.87,1377.5,2023-11-02,2023,920130,北交所,7.69,1667.5,17.15,1.2823075000000002,阶段性收紧后
603107,上海汽配,2023-11-01,2023-10-23,14.23,8433.5,38.75,0.07186401,2023-10-25,2023-10-24,2023-10-25,3.35,6746.8,2023-11-01,2023,603107,主板,14.23,8433.5,38.75,12.0008705,阶段性收紧后
920493,并行科技,2023-11-01,2023-10-20,29.0,1150.0,,1.12,,,2023-10-20,47.5,950.0,2023-11-01,2023,920493,北交所,29.0,1150.0,,3.335,阶段性收紧后
301555,惠柏新材,2023-10-31,2023-10-20,22.88,2306.67,33.63,0.02843778,2023-10-24,2023-10-23,2023-10-24,0.65,1118.75,2023-10-31,2023,301555,创业板,22.88,2306.67,33.63,5.2776609599999995,阶段性收紧后
001378,德冠新材,2023-10-30,2023-10-19,31.68,3333.36,26.12,0.038356,2023-10-23,2023-10-20,2023-10-23,1.2,2489.1,2023-10-30,2023,001378,主板,31.68,3333.36,26.12,10.56008448,阶段性收紧后
920693,阿为特,2023-10-27,2023-10-11,6.36,1150.0,18.35,0.15,,,2023-10-11,47.5,950.0,2023-10-27,2023,920693,北交所,6.36,1150.0,18.35,0.7314,阶段性收紧后
301489,思泉新材,2023-10-24,2023-10-12,41.66,1442.0334,46.6,0.02426017,2023-10-16,2023-10-13,2023-10-16,0.4,699.4,2023-10-24,2023,301489,创业板,41.66,1442.0334,46.6,6.0075111444,阶段性收紧后
603273,天元智能,2023-10-23,2023-10-12,9.5,5357.84,29.94,0.04877594,2023-10-16,2023-10-13,2023-10-16,2.1,4286.25,2023-10-23,2023,603273,主板,9.5,5357.84,29.94,5.089948000000001,阶段性收紧后
920026,卓兆点胶,2023-10-19,2023-10-09,26.0,1416.8,25.0,3.46,,,2023-10-09,58.52,1170.4,2023-10-19,2023,920026,北交所,26.0,1416.8,25.0,3.6836799999999994,阶段性收紧后
301517,陕西华达,2023-10-17,2023-09-27,26.87,2700.67,48.03,0.02552267,2023-10-09,2023-09-28,2023-10-09,0.6,1094.95,2023-10-17,2023,301517,创业板,26.87,2700.67,48.03,7.25670029,阶段性收紧后
603193,润本股份,2023-10-17,2023-09-27,17.38,6069.0,45.56,0.05360988,2023-10-09,2023-09-28,2023-10-09,1.8,4248.3,2023-10-17,2023,603193,主板,17.38,6069.0,45.56,10.547922,阶段性收紧后
920786,骑士乳业,2023-10-13,2023-09-26,5.0,6011.05,15.3,3.52,,,2023-09-26,222.15,4443.05,2023-10-13,2023,920786,北交所,5.0,6011.05,15.3,3.005525,阶段性收紧后
301559,中集环科,2023-10-11,2023-09-22,24.22,9000.0,20.53,0.03876966,2023-09-26,2023-09-25,2023-09-26,1.7,3510.0,2023-10-11,2023,301559,创业板,24.22,9000.0,20.53,21.798,阶段性收紧后
688657,浩辰软件,2023-10-10,2023-09-21,103.4,1121.82,77.77,0.05865985,2023-09-25,2023-09-22,2023-09-25,0.25,387.0,2023-10-10,2023,688657,科创板,103.4,1121.82,77.77,11.5996188,阶段性收紧后
301558,三态股份,2023-09-28,2023-09-19,7.33,11846.0,45.19,0.04454808,2023-09-21,2023-09-20,2023-09-21,2.25,4619.9,2023-09-28,2023,301558,创业板,7.33,11846.0,45.19,8.683118,阶段性收紧后
688719,爱科赛博,2023-09-28,2023-09-18,69.98,2062.0,88.78,0.04936782,2023-09-20,2023-09-19,2023-09-20,0.5,719.5,2023-09-28,2023,688719,科创板,69.98,2062.0,88.78,14.429876,阶段性收紧后
920978,开特股份,2023-09-28,2023-09-20,7.37,2070.0,18.8,0.32,,,2023-09-20,85.5,1710.0,2023-09-28,2023,920978,北交所,7.37,2070.0,18.8,1.52559,阶段性收紧后
920665,科强股份,2023-09-26,2023-09-13,6.28,3450.0,16.01,0.22,,,2023-09-13,142.62,2852.4204,2023-09-26,2023,920665,北交所,6.28,3450.0,16.01,2.1666,阶段性收紧后
301520,万邦医药,2023-09-25,2023-09-14,67.88,1666.6667,52.6,0.02559347,2023-09-18,2023-09-15,2023-09-18,0.45,808.35,2023-09-25,2023,301520,创业板,67.88,1666.6667,52.6,11.313333559599998,阶段性收紧后
603276,恒兴新材,2023-09-25,2023-09-14,25.73,4000.0,44.35,0.04435209,2023-09-18,2023-09-15,2023-09-18,1.4,2996.5,2023-09-25,2023,603276,主板,25.73,4000.0,44.35,10.292,阶段性收紧后
301500,飞南资源,2023-09-21,2023-09-11,23.97,4001.0,45.16,0.02817124,2023-09-13,2023-09-12,2023-09-13,0.75,1560.35,2023-09-21,2023,301500,创业板,23.97,4001.0,45.16,9.590397,阶段性收紧后
301548,崇德科技,2023-09-20,2023-09-07,66.8,1500.0,51.06,0.02636999,2023-09-11,2023-09-08,2023-09-11,0.4,727.5,2023-09-20,2023,301548,创业板,66.8,1500.0,51.06,10.02,阶段性收紧后
688716,中研股份,2023-09-20,2023-09-11,29.66,3042.0,67.37,0.04009779,2023-09-13,2023-09-12,2023-09-13,0.85,1157.7,2023-09-20,2023,688716,科创板,29.66,3042.0,67.37,9.022572,阶段性收紧后
920469,富恒新材,2023-09-18,2023-09-06,5.68,2622.0,14.44,0.22,,,2023-09-06,108.3,2166.0,2023-09-18,2023,920469,北交所,5.68,2622.0,14.44,1.489296,阶段性收紧后
301550,斯菱股份,2023-09-15,2023-09-04,37.56,2750.0,33.71,0.0239475,2023-09-06,2023-09-05,2023-09-06,0.75,1333.75,2023-09-15,2023,301550,创业板,37.56,2750.0,33.71,10.329,阶段性收紧后
920519,万德股份,2023-09-15,2023-09-05,8.93,2300.0,15.99,0.89,,,2023-09-05,95.0,1900.0,2023-09-15,2023,920519,北交所,8.93,2300.0,15.99,2.0539,阶段性收紧后
688702,盛科通信,2023-09-14,2023-09-04,42.66,5000.0,,0.04467654,2023-09-06,2023-09-05,2023-09-06,0.8,1200.0,2023-09-14,2023,688702,科创板,42.66,5000.0,,21.33,阶段性收紧后
301529,福赛科技,2023-09-11,2023-08-29,36.6,2120.9303,38.33,0.02414722,2023-08-31,2023-08-30,2023-08-31,0.5,946.2,2023-09-11,2023,301529,创业板,36.6,2120.9303,38.33,7.762604898000001,阶段性收紧后
603075,热威股份,2023-09-11,2023-08-30,23.1,4001.0,39.05,0.04249644,2023-09-01,2023-08-31,2023-09-01,1.2,2800.7,2023-09-11,2023,603075,主板,23.1,4001.0,39.05,9.24231,阶段性收紧后
688549,中巨芯,2023-09-08,2023-08-28,5.18,36931.9,,0.07623366,2023-08-30,2023-08-29,2023-08-30,5.15,7988.2,2023-09-08,2023,688549,科创板,5.18,36931.9,,19.1307242,阶段性收紧后
920627,力王股份,2023-09-07,2023-08-30,6.0,2645.0,16.35,0.31,,,2023-08-30,109.25,2185.0,2023-09-07,2023,920627,北交所,6.0,2645.0,16.35,1.587,阶段性收紧后
301251,威尔高,2023-09-06,2023-08-28,28.88,3365.544,46.27,0.02474356,2023-08-30,2023-08-29,2023-08-30,0.95,1632.3,2023-09-06,2023,301251,创业板,28.88,3365.544,46.27,9.719691072,阶段性收紧后
301507,民生健康,2023-09-05,2023-08-22,10.0,8913.86,50.74,0.03831736,2023-08-24,2023-08-23,2023-08-24,2.5,4323.25,2023-09-05,2023,301507,创业板,10.0,8913.86,50.74,8.913860000000001,阶段性收紧后
603270,金帝股份,2023-09-01,2023-08-23,21.77,5477.6667,41.68,0.04742135,2023-08-25,2023-08-24,2023-08-25,1.95,3975.0,2023-09-01,2023,603270,主板,21.77,5477.6667,41.68,11.924880405899998,阶段性收紧后
920976,视声智能,2023-09-01,2023-08-14,10.3,1460.5,17.9,0.37,,,2023-08-14,60.32,1206.5,2023-09-01,2023,920976,北交所,10.3,1460.5,17.9,1.504315,阶段性收紧后
301525,儒竞科技,2023-08-30,2023-08-21,99.57,2359.0,44.44,0.02894242,2023-08-23,2023-08-22,2023-08-23,0.65,1144.1,2023-08-30,2023,301525,创业板,99.57,2359.0,44.44,23.488563,阶段性收紧后
301528,多浦乐,2023-08-28,2023-08-15,71.8,1550.0,56.76,0.02720802,2023-08-17,2023-08-16,2023-08-17,0.35,670.9,2023-08-28,2023,301528,创业板,71.8,1550.0,56.76,11.129,阶段性收紧后
688591,泰凌微,2023-08-25,2023-08-16,24.98,6000.0,172.25,0.05341211,2023-08-18,2023-08-17,2023-08-18,1.5,2085.15,2023-08-25,2023,688591,科创板,24.98,6000.0,172.25,14.988,全面注册制后-收紧前
301421,波长光电,2023-08-23,2023-08-14,29.38,2893.0,60.67,0.02506963,2023-08-16,2023-08-15,2023-08-16,0.8,1403.1,2023-08-23,2023,301421,创业板,29.38,2893.0,60.67,8.499634,全面注册制后-收紧前
603275,众辰科技,2023-08-23,2023-08-14,49.97,3719.2963,53.64,0.04293698,2023-08-16,2023-08-15,2023-08-16,1.45,2975.45,2023-08-23,2023,603275,主板,49.97,3719.2963,53.64,18.5853236111,全面注册制后-收紧前
920953,国子软件,2023-08-23,2023-08-07,10.5,2547.25,19.14,0.37,,,2023-08-07,105.21,2104.25,2023-08-23,2023,920953,北交所,10.5,2547.25,19.14,2.6746125,全面注册制后-收紧前
301469,恒达新材,2023-08-22,2023-08-08,36.58,2237.0,38.33,0.02515989,2023-08-10,2023-08-09,2023-08-10,0.55,1009.6,2023-08-22,2023,301469,创业板,36.58,2237.0,38.33,8.182946,全面注册制后-收紧前
301418,协昌科技,2023-08-21,2023-08-08,51.88,1833.3334,37.88,0.02370884,2023-08-10,2023-08-09,2023-08-10,0.5,889.2,2023-08-21,2023,301418,创业板,51.88,1833.3334,37.88,9.5113336792,全面注册制后-收紧前
301533,威马农机,2023-08-18,2023-08-03,29.5,2457.67,44.05,0.02605042,2023-08-07,2023-08-04,2023-08-07,0.55,1047.45,2023-08-18,2023,301533,创业板,29.5,2457.67,44.05,7.2501265,全面注册制后-收紧前
688693,锴威特,2023-08-18,2023-08-08,40.83,1842.1053,60.69,0.04231394,2023-08-10,2023-08-09,2023-08-10,0.5,700.05,2023-08-18,2023,688693,科创板,40.83,1842.1053,60.69,7.5213159399,全面注册制后-收紧前
920274,宏裕包材,2023-08-18,2023-08-01,8.0,2338.3334,15.86,0.78,,,2023-08-01,96.58,1931.6668,2023-08-18,2023,920274,北交所,8.0,2338.3334,15.86,1.87066672,全面注册制后-收紧前
301511,德福科技,2023-08-17,2023-08-04,28.0,6753.0217,28.17,0.03252489,2023-08-08,2023-08-07,2023-08-08,1.05,2321.25,2023-08-17,2023,301511,创业板,28.0,6753.0217,28.17,18.90846076,全面注册制后-收紧前
688573,信宇人,2023-08-17,2023-08-07,23.68,2443.8597,46.18,0.04127159,2023-08-09,2023-08-08,2023-08-09,0.6,830.9,2023-08-17,2023,688573,科创板,23.68,2443.8597,46.18,5.7870597696,全面注册制后-收紧前
920504,博迅生物,2023-08-17,2023-08-08,9.75,862.5,15.99,0.28,,,2023-08-08,35.62,712.5,2023-08-17,2023,920504,北交所,9.75,862.5,15.99,0.8409375,全面注册制后-收紧前
301498,乖宝宠物,2023-08-16,2023-08-07,39.99,4000.45,61.28,0.03237648,2023-08-09,2023-08-08,2023-08-09,0.75,1560.15,2023-08-16,2023,301498,创业板,39.99,4000.45,61.28,15.99779955,全面注册制后-收紧前
688592,司南导航,2023-08-16,2023-08-03,50.5,1554.0,143.58,0.04816025,2023-08-07,2023-08-04,2023-08-07,0.35,531.9,2023-08-16,2023,688592,科创板,50.5,1554.0,143.58,7.8477,全面注册制后-收紧前
920748,路桥信息,2023-08-16,2023-08-02,7.0,1564.0,18.92,0.18,,,2023-08-02,64.6,1292.0,2023-08-16,2023,920748,北交所,7.0,1564.0,18.92,1.0948,全面注册制后-收紧前
301510,固高科技,2023-08-15,2023-08-02,12.0,4001.0,110.8,0.03084084,2023-08-04,2023-08-03,2023-08-04,0.65,1414.35,2023-08-15,2023,301510,创业板,12.0,4001.0,110.8,4.8012,全面注册制后-收紧前
688548,广钢气体,2023-08-15,2023-08-04,9.87,32984.963,58.63,0.07342709,2023-08-08,2023-08-07,2023-08-08,4.6,7239.9,2023-08-15,2023,688548,科创板,9.87,32984.963,58.63,32.556158481000004,全面注册制后-收紧前
301372,科净源,2023-08-11,2023-08-01,45.0,1714.2858,37.1,0.02643942,2023-08-03,2023-08-02,2023-08-03,0.45,831.45,2023-08-11,2023,301372,创业板,45.0,1714.2858,37.1,7.714286100000001,全面注册制后-收紧前
301348,蓝箭电子,2023-08-10,2023-07-28,18.08,5000.0,55.29,0.02772272,2023-08-01,2023-07-31,2023-08-01,1.4,2425.0,2023-08-10,2023,301348,创业板,18.08,5000.0,55.29,9.04,全面注册制后-收紧前
920058,华洋赛车,2023-08-10,2023-07-31,16.5,1610.0,16.98,4.55,,,2023-07-31,66.5,1330.0,2023-08-10,2023,920058,北交所,16.5,1610.0,16.98,2.6565,全面注册制后-收紧前
300904,威力传动,2023-08-09,2023-07-31,35.41,1809.6,49.06,0.02208164,2023-08-02,2023-08-01,2023-08-02,0.5,877.65,2023-08-09,2023,300904,创业板,35.41,1809.6,49.06,6.4077936,全面注册制后-收紧前
301487,盟固利,2023-08-09,2023-07-28,5.32,5800.0,29.02,0.03004492,2023-08-01,2023-07-31,2023-08-01,1.1,2262.0,2023-08-09,2023,301487,创业板,5.32,5800.0,29.02,3.0856,全面注册制后-收紧前
688671,碧兴物联,2023-08-09,2023-07-31,36.12,1963.0,52.85,0.03839683,2023-08-02,2023-08-01,2023-08-02,0.5,677.65,2023-08-09,2023,688671,科创板,36.12,1963.0,52.85,7.090356,全面注册制后-收紧前
603296,华勤技术,2023-08-08,2023-07-28,80.8,7242.5241,31.32,0.05285833,2023-08-01,2023-07-31,2023-08-01,1.7,4194.5,2023-08-08,2023,603296,主板,80.8,7242.5241,31.32,58.519594727999994,全面注册制后-收紧前
920926,鸿智科技,2023-08-08,2023-07-21,13.28,1200.0,16.09,0.5,,,2023-07-21,49.56,991.3044,2023-08-08,2023,920926,北交所,13.28,1200.0,16.09,1.5936,全面注册制后-收紧前
688347,华虹公司,2023-08-07,2023-07-25,52.0,40775.0,34.71,0.07053958,2023-07-27,2023-07-26,2023-07-27,4.05,6116.25,2023-08-07,2023,688347,科创板,52.0,40775.0,34.71,212.03,全面注册制后-收紧前
301362,民爆光电,2023-08-04,2023-07-25,51.05,2617.0,25.16,0.02581415,2023-07-27,2023-07-26,2023-07-27,0.65,1175.1,2023-08-04,2023,301362,创业板,51.05,2617.0,25.16,13.359785,全面注册制后-收紧前
301509,金凯生科,2023-08-03,2023-07-24,56.56,2150.8335,31.73,0.02513563,2023-07-26,2023-07-25,2023-07-26,0.6,1043.15,2023-08-03,2023,301509,创业板,56.56,2150.8335,31.73,12.165114276000002,全面注册制后-收紧前
301518,长华化学,2023-08-03,2023-07-24,25.75,3505.0,44.47,0.02882711,2023-07-26,2023-07-25,2023-07-26,0.95,1699.9,2023-08-03,2023,301518,创业板,25.75,3505.0,44.47,9.025375,全面注册制后-收紧前
301371,敷尔佳,2023-08-01,2023-07-20,55.68,4008.0,29.07,0.03316309,2023-07-24,2023-07-21,2023-07-24,0.75,1563.1,2023-08-01,2023,301371,创业板,55.68,4008.0,29.07,22.316544,全面注册制后-收紧前
603119,浙江荣泰,2023-08-01,2023-07-19,15.32,7000.0,35.58,0.05257237,2023-07-21,2023-07-20,2023-07-21,2.8,5600.0,2023-08-01,2023,603119,主板,15.32,7000.0,35.58,10.724,全面注册制后-收紧前
688646,逸飞激光,2023-07-28,2023-07-19,46.8,2379.0652,65.4,0.04329333,2023-07-21,2023-07-20,2023-07-21,0.55,761.3,2023-07-28,2023,688646,科创板,46.8,2379.0652,65.4,11.134025136,全面注册制后-收紧前
301519,舜禹股份,2023-07-27,2023-07-17,20.93,4116.0,38.2,0.02684279,2023-07-19,2023-07-18,2023-07-19,1.15,1996.25,2023-07-27,2023,301519,创业板,20.93,4116.0,38.2,8.614788,全面注册制后-收紧前
301172,君逸数码,2023-07-26,2023-07-17,31.33,3080.0,54.65,0.02515234,2023-07-19,2023-07-18,2023-07-19,0.75,1369.8,2023-07-26,2023,301172,创业板,31.33,3080.0,54.65,9.64964,全面注册制后-收紧前
688612,威迈斯,2023-07-26,2023-07-17,47.29,4210.0,73.98,0.04817413,2023-07-19,2023-07-18,2023-07-19,0.65,1010.4,2023-07-26,2023,688612,科创板,47.29,4210.0,73.98,19.90909,全面注册制后-收紧前
688651,盛邦安全,2023-07-26,2023-07-17,39.9,1888.0,70.83,0.04075071,2023-07-19,2023-07-18,2023-07-19,0.45,649.55,2023-07-26,2023,688651,科创板,39.9,1888.0,70.83,7.533119999999999,全面注册制后-收紧前
301446,福事特,2023-07-25,2023-07-11,31.89,2000.0,31.36,0.0183054,2023-07-13,2023-07-12,2023-07-13,2.0,2000.0,2023-07-25,2023,301446,创业板,31.89,2000.0,31.36,6.378,全面注册制后-收紧前
301515,港通医疗,2023-07-25,2023-07-11,31.16,2500.0,44.25,0.02312986,2023-07-13,2023-07-12,2023-07-13,0.7,1212.5,2023-07-25,2023,301515,创业板,31.16,2500.0,44.25,7.79,全面注册制后-收紧前
301468,博盈特焊,2023-07-24,2023-07-10,47.58,3300.0,54.12,0.02741131,2023-07-12,2023-07-11,2023-07-12,0.9,1600.5,2023-07-24,2023,301468,创业板,47.58,3300.0,54.12,15.7014,全面注册制后-收紧前
688450,光格科技,2023-07-24,2023-07-13,53.09,1650.0,52.21,0.04233674,2023-07-17,2023-07-14,2023-07-17,0.45,627.75,2023-07-24,2023,688450,科创板,53.09,1650.0,52.21,8.75985,全面注册制后-收紧前
301499,维科精密,2023-07-21,2023-07-11,19.5,3456.3717,44.17,0.02481018,2023-07-13,2023-07-12,2023-07-13,0.95,1676.35,2023-07-21,2023,301499,创业板,19.5,3456.3717,44.17,6.739924815,全面注册制后-收紧前
301512,智信精密,2023-07-20,2023-07-10,39.66,1333.34,27.51,0.01614031,2023-07-12,2023-07-11,2023-07-12,1.3,1333.3,2023-07-20,2023,301512,创业板,39.66,1333.34,27.51,5.288026439999999,全面注册制后-收紧前
688602,康鹏科技,2023-07-20,2023-07-11,8.66,10387.5,26.92,0.04931738,2023-07-13,2023-07-12,2023-07-13,1.75,2677.6,2023-07-20,2023,688602,科创板,8.66,10387.5,26.92,8.995575,全面注册制后-收紧前
920982,锦波生物,2023-07-20,2023-07-10,49.0,575.0,32.8,0.66,,,2023-07-10,23.75,475.0,2023-07-20,2023,920982,北交所,49.0,575.0,32.8,2.8175,全面注册制后-收紧前
301505,苏州规划,2023-07-19,2023-07-10,26.35,2200.0,29.98,0.02336953,2023-07-12,2023-07-11,2023-07-12,0.5,945.25,2023-07-19,2023,301505,创业板,26.35,2200.0,29.98,5.797,全面注册制后-收紧前
688563,航材股份,2023-07-19,2023-07-10,78.99,9000.0,80.34,0.05799267,2023-07-12,2023-07-11,2023-07-12,1.4,2172.65,2023-07-19,2023,688563,科创板,78.99,9000.0,80.34,71.091,全面注册制后-收紧前
688610,埃科光电,2023-07-19,2023-07-06,73.33,1700.0,85.36,0.05113351,2023-07-10,2023-07-07,2023-07-10,0.4,552.15,2023-07-19,2023,688610,科创板,73.33,1700.0,85.36,12.4661,全面注册制后-收紧前
920701,豪声电子,2023-07-19,2023-07-03,8.8,2817.5,14.99,3.49,,,2023-07-03,116.37,2327.5,2023-07-19,2023,920701,北交所,8.8,2817.5,14.99,2.4794000000000005,全面注册制后-收紧前
688627,精智达,2023-07-18,2023-07-07,46.77,2350.2939,83.35,0.05231085,2023-07-11,2023-07-10,2023-07-11,0.55,812.15,2023-07-18,2023,688627,科创板,46.77,2350.2939,83.35,10.992324570300001,全面注册制后-收紧前
301329,信音电子,2023-07-17,2023-07-03,21.0,4300.0,37.06,0.02606601,2023-07-05,2023-07-04,2023-07-05,1.2,2085.5,2023-07-17,2023,301329,创业板,21.0,4300.0,37.06,9.03,全面注册制后-收紧前
301503,智迪科技,2023-07-17,2023-06-30,31.59,2000.0,34.38,0.01964588,2023-07-04,2023-07-03,2023-07-04,2.0,2000.0,2023-07-17,2023,301503,创业板,31.59,2000.0,34.38,6.318,全面注册制后-收紧前
920751,惠同新材,2023-07-17,2023-07-04,5.8,2170.0,17.55,0.23,,,2023-07-04,89.75,1795.0,2023-07-17,2023,920751,北交所,5.8,2170.0,17.55,1.2586,全面注册制后-收紧前
301456,盘古智能,2023-07-14,2023-07-04,37.96,3715.0,56.64,0.02884478,2023-07-06,2023-07-05,2023-07-06,0.9,1678.85,2023-07-14,2023,301456,创业板,37.96,3715.0,56.64,14.102139999999999,全面注册制后-收紧前
301272,英华特,2023-07-13,2023-07-04,51.39,1463.0,45.19,0.02321577,2023-07-06,2023-07-05,2023-07-06,0.4,709.55,2023-07-13,2023,301272,创业板,51.39,1463.0,45.19,7.518357000000001,全面注册制后-收紧前
301370,国科恒泰,2023-07-12,2023-06-29,13.39,7060.0,53.82,0.03613451,2023-07-03,2023-06-30,2023-07-03,1.3,2712.0,2023-07-12,2023,301370,创业板,13.39,7060.0,53.82,9.45334,全面注册制后-收紧前
301381,赛维时代,2023-07-12,2023-07-03,20.45,4010.0,47.4,0.0281251,2023-07-05,2023-07-04,2023-07-05,0.6,1310.55,2023-07-12,2023,301381,创业板,20.45,4010.0,47.4,8.20045,全面注册制后-收紧前
301393,昊帆生物,2023-07-12,2023-07-03,67.68,2700.0,57.38,0.02711926,2023-07-05,2023-07-04,2023-07-05,0.6,1142.6,2023-07-12,2023,301393,创业板,67.68,2700.0,57.38,18.273600000000002,全面注册制后-收紧前
688638,誉辰智能,2023-07-12,2023-06-30,83.9,1000.0,51.11,0.05000222,2023-07-04,2023-07-03,2023-07-04,0.25,380.25,2023-07-12,2023,688638,科创板,83.9,1000.0,51.11,8.39,全面注册制后-收紧前
920576,天力复合,2023-07-12,2023-06-27,9.35,1495.0,17.18,0.28,,,2023-06-27,61.75,1235.0,2023-07-12,2023,920576,北交所,9.35,1495.0,17.18,1.397825,全面注册制后-收紧前
301261,恒工精密,2023-07-10,2023-06-27,36.9,2197.2549,34.46,0.02305795,2023-06-29,2023-06-28,2023-06-29,0.55,978.5,2023-07-10,2023,301261,创业板,36.9,2197.2549,34.46,8.107870581,全面注册制后-收紧前
688603,天承科技,2023-07-10,2023-06-28,55.0,1453.4232,59.61,0.04720468,2023-06-30,2023-06-29,2023-06-30,0.35,494.35,2023-07-10,2023,688603,科创板,55.0,1453.4232,59.61,7.9938275999999995,全面注册制后-收紧前
920592,华信永道,2023-07-10,2023-06-26,10.38,1265.0,18.48,0.48,,,2023-06-26,52.25,1045.0,2023-07-10,2023,920592,北交所,10.38,1265.0,18.48,1.3130700000000002,全面注册制后-收紧前
301292,海科新源,2023-07-07,2023-06-27,19.99,5574.0795,16.23,0.02723051,2023-06-29,2023-06-28,2023-06-29,1.3,2241.05,2023-07-07,2023,301292,创业板,19.99,5574.0795,16.23,11.1425849205,全面注册制后-收紧前
301486,致尚科技,2023-07-07,2023-06-28,57.66,3217.03,63.29,0.02999024,2023-06-30,2023-06-29,2023-06-30,0.9,1560.3,2023-07-07,2023,301486,创业板,57.66,3217.03,63.29,18.54939498,全面注册制后-收紧前
301202,朗威股份,2023-07-05,2023-06-26,25.82,3410.0,63.45,0.02987241,2023-06-28,2023-06-27,2023-06-28,0.9,1621.5,2023-07-05,2023,301202,创业板,25.82,3410.0,63.45,8.80462,全面注册制后-收紧前
301488,豪恩汽电,2023-07-04,2023-06-20,39.78,2300.0,42.7,0.02445899,2023-06-26,2023-06-21,2023-06-26,0.55,1006.3,2023-07-04,2023,301488,创业板,39.78,2300.0,42.7,9.1494,全面注册制后-收紧前
301395,仁信新材,2023-07-03,2023-06-19,26.68,3623.0,44.08,0.02649157,2023-06-21,2023-06-20,2023-06-21,1.0,1757.15,2023-07-03,2023,301395,创业板,26.68,3623.0,44.08,9.666164,全面注册制后-收紧前
920717,瑞星股份,2023-07-03,2023-06-16,5.07,3298.2,16.49,0.68,,,2023-06-16,136.23,2724.6,2023-07-03,2023,920717,北交所,5.07,3298.2,16.49,1.6721873999999999,全面注册制后-收紧前
301210,金杨股份,2023-06-30,2023-06-19,57.88,2061.4089,54.3,0.0246148,2023-06-21,2023-06-20,2023-06-21,0.45,841.35,2023-06-30,2023,301210,创业板,57.88,2061.4089,54.3,11.9314347132,全面注册制后-收紧前
301291,明阳电气,2023-06-30,2023-06-19,38.13,7805.0,46.36,0.03228907,2023-06-21,2023-06-20,2023-06-21,1.85,3308.35,2023-06-30,2023,301291,创业板,38.13,7805.0,46.36,29.760465000000003,全面注册制后-收紧前
688582,芯动联科,2023-06-30,2023-06-19,26.74,5521.0,99.96,0.04784247,2023-06-21,2023-06-20,2023-06-21,0.9,1434.6,2023-06-30,2023,688582,科创板,26.74,5521.0,99.96,14.763153999999998,全面注册制后-收紧前
920175,东方碳素,2023-06-30,2023-06-15,12.6,3680.0,15.48,8.05,,,2023-06-15,159.75,3195.0,2023-06-30,2023,920175,北交所,12.6,3680.0,15.48,4.6368,全面注册制后-收紧前
688429,时创能源,2023-06-29,2023-06-16,19.2,4000.08,28.92,0.04381186,2023-06-20,2023-06-19,2023-06-20,0.6,960.05,2023-06-29,2023,688429,科创板,19.2,4000.08,28.92,7.6801536,全面注册制后-收紧前
920208,青矩技术,2023-06-29,2023-03-30,34.75,1055.9642,16.0,18.48,,,2023-03-30,43.61,872.3183,2023-06-29,2023,920208,北交所,34.75,1055.9642,16.0,3.6694755949999998,全面注册制后-收紧前
301295,美硕科技,2023-06-28,2023-06-15,37.4,1800.0,47.61,0.02314026,2023-06-19,2023-06-16,2023-06-19,0.5,873.0,2023-06-28,2023,301295,创业板,37.4,1800.0,47.61,6.732,全面注册制后-收紧前
301397,溯联股份,2023-06-28,2023-06-13,53.27,2501.0,35.31,0.02541928,2023-06-15,2023-06-14,2023-06-15,0.7,1212.95,2023-06-28,2023,301397,创业板,53.27,2501.0,35.31,13.322827000000002,全面注册制后-收紧前
688631,莱斯信息,2023-06-28,2023-06-15,25.28,4087.0,48.44,0.04161808,2023-06-19,2023-06-16,2023-06-19,1.0,1399.35,2023-06-28,2023,688631,科创板,25.28,4087.0,48.44,10.331936,全面注册制后-收紧前
300804,广康生化,2023-06-27,2023-06-13,42.45,1850.0,32.66,0.02531184,2023-06-15,2023-06-14,2023-06-15,0.45,830.75,2023-06-27,2023,300804,创业板,42.45,1850.0,32.66,7.85325,全面注册制后-收紧前
301170,锡南科技,2023-06-27,2023-06-14,34.0,2500.0,37.11,0.02414262,2023-06-16,2023-06-15,2023-06-16,0.7,1212.5,2023-06-27,2023,301170,创业板,34.0,2500.0,37.11,8.5,全面注册制后-收紧前
688620,安凯微,2023-06-27,2023-06-13,10.68,9800.0,190.57,0.05342602,2023-06-15,2023-06-14,2023-06-15,2.45,3397.7,2023-06-27,2023,688620,科创板,10.68,9800.0,190.57,10.4664,全面注册制后-收紧前
688629,华丰科技,2023-06-27,2023-06-14,9.26,6914.8924,59.51,0.04650197,2023-06-16,2023-06-15,2023-06-16,1.15,1764.3,2023-06-27,2023,688629,科创板,9.26,6914.8924,59.51,6.4031903624,全面注册制后-收紧前
920651,天罡股份,2023-06-27,2023-06-09,12.88,1224.75,15.49,2.14,,,2023-06-09,50.58,1011.75,2023-06-27,2023,920651,北交所,12.88,1224.75,15.49,1.5774780000000002,全面注册制后-收紧前
301315,威士顿,2023-06-21,2023-06-09,32.29,2200.0,49.59,0.02375199,2023-06-13,2023-06-12,2023-06-13,0.6,1067.0,2023-06-21,2023,301315,创业板,32.29,2200.0,49.59,7.1038,全面注册制后-收紧前
301376,致欧科技,2023-06-21,2023-06-12,24.66,4015.0,39.58,0.03007446,2023-06-14,2023-06-13,2023-06-14,0.6,1355.85,2023-06-21,2023,301376,创业板,24.66,4015.0,39.58,9.90099,全面注册制后-收紧前
688543,国科军工,2023-06-21,2023-06-12,43.67,3667.0,63.25,0.04308235,2023-06-14,2023-06-13,2023-06-14,1.0,1398.05,2023-06-21,2023,688543,科创板,43.67,3667.0,63.25,16.013789000000003,全面注册制后-收紧前
920455,汇隆活塞,2023-06-21,2023-06-08,3.15,4945.0,16.15,0.32,,,2023-06-08,208.75,4175.0,2023-06-21,2023,920455,北交所,3.15,4945.0,16.15,1.557675,全面注册制后-收紧前
301262,海看股份,2023-06-20,2023-06-09,30.22,4170.0,33.75,0.03132539,2023-06-13,2023-06-12,2023-06-13,0.75,1626.3,2023-06-20,2023,301262,创业板,30.22,4170.0,33.75,12.60174,全面注册制后-收紧前
688443,智翔金泰,2023-06-20,2023-06-09,37.88,9168.0,,0.06331652,2023-06-13,2023-06-12,2023-06-13,1.7,2632.35,2023-06-20,2023,688443,科创板,37.88,9168.0,,34.728384000000005,全面注册制后-收紧前
301448,开创电气,2023-06-19,2023-06-08,18.15,2000.0,30.51,0.01929403,2023-06-12,2023-06-09,2023-06-12,2.0,2000.0,2023-06-19,2023,301448,创业板,18.15,2000.0,30.51,3.63,全面注册制后-收紧前
688334,西高院,2023-06-19,2023-06-07,14.16,7914.4867,39.96,0.04875112,2023-06-09,2023-06-08,2023-06-09,2.25,3015.4,2023-06-19,2023,688334,科创板,14.16,7914.4867,39.96,11.2069131672,全面注册制后-收紧前
301225,恒勃股份,2023-06-16,2023-06-06,35.66,2588.0,36.36,0.02624146,2023-06-08,2023-06-07,2023-06-08,0.65,1158.65,2023-06-16,2023,301225,创业板,35.66,2588.0,36.36,9.228807999999999,全面注册制后-收紧前
301232,飞沃科技,2023-06-15,2023-06-06,72.5,1347.0,46.43,0.02612503,2023-06-08,2023-06-07,2023-06-08,0.35,653.25,2023-06-15,2023,301232,创业板,72.5,1347.0,46.43,9.76575,全面注册制后-收紧前
301287,康力源,2023-06-14,2023-06-05,40.11,1667.0,33.0,0.01879855,2023-06-07,2023-06-06,2023-06-07,1.65,1667.0,2023-06-14,2023,301287,创业板,40.11,1667.0,33.0,6.686337,全面注册制后-收紧前
301355,南王科技,2023-06-12,2023-05-31,17.55,4878.0,49.96,0.03011817,2023-06-02,2023-06-01,2023-06-02,1.35,2365.8,2023-06-12,2023,301355,创业板,17.55,4878.0,49.96,8.56089,全面注册制后-收紧前
301320,豪江智能,2023-06-09,2023-05-30,13.06,4530.0,40.57,0.02908402,2023-06-01,2023-05-31,2023-06-01,1.25,2197.05,2023-06-09,2023,301320,创业板,13.06,4530.0,40.57,5.916180000000001,全面注册制后-收紧前
301383,天键股份,2023-06-09,2023-05-29,46.16,2906.0,80.26,0.02907295,2023-05-31,2023-05-30,2023-05-31,0.8,1409.4,2023-06-09,2023,301383,创业板,46.16,2906.0,80.26,13.414095999999999,全面注册制后-收紧前
688472,阿特斯,2023-06-09,2023-05-31,11.1,62221.7324,19.86,0.11988913,2023-06-02,2023-06-01,2023-06-02,15.1,18822.5,2023-06-09,2023,688472,科创板,11.1,62221.7324,19.86,69.066122964,全面注册制后-收紧前
688623,双元科技,2023-06-08,2023-05-29,125.88,1478.57,79.83,0.05012432,2023-05-31,2023-05-30,2023-05-31,0.4,564.45,2023-06-08,2023,688623,科创板,125.88,1478.57,79.83,18.612239159999998,全面注册制后-收紧前
920221,易实精密,2023-06-08,2023-05-25,5.98,2070.0,16.63,0.21,,,2023-05-25,85.5,1710.0,2023-06-08,2023,920221,北交所,5.98,2070.0,16.63,1.23786,全面注册制后-收紧前
301323,新莱福,2023-06-06,2023-05-25,39.06,2623.0723,36.57,0.02638053,2023-05-29,2023-05-26,2023-05-29,0.65,1162.75,2023-06-06,2023,301323,创业板,39.06,2623.0723,36.57,10.2457204038,全面注册制后-收紧前
688576,西山科技,2023-06-06,2023-05-26,135.8,1325.0367,109.28,0.05161687,2023-05-30,2023-05-29,2023-05-30,0.35,484.3,2023-06-06,2023,688576,科创板,135.8,1325.0367,109.28,17.993998386000005,全面注册制后-收紧前
688570,天玛智控,2023-06-05,2023-05-25,30.26,7300.0,33.81,0.04984349,2023-05-29,2023-05-26,2023-05-29,1.15,1752.0,2023-06-05,2023,688570,科创板,30.26,7300.0,33.81,22.0898,全面注册制后-收紧前
301310,鑫宏业,2023-06-02,2023-05-24,67.28,2427.47,46.72,0.02830194,2023-05-26,2023-05-25,2023-05-26,0.6,1085.95,2023-06-02,2023,301310,创业板,67.28,2427.47,46.72,16.332018159999997,全面注册制后-收紧前
688523,航天环宇,2023-06-02,2023-05-24,21.86,4088.0,77.72,0.05016796,2023-05-26,2023-05-25,2023-05-26,0.65,1059.2,2023-06-02,2023,688523,科创板,21.86,4088.0,77.72,8.936368,全面注册制后-收紧前
001373,翔腾新材,2023-06-01,2023-05-22,28.93,1717.1722,32.13,0.01644559,2023-05-24,2023-05-23,2023-05-24,1.7,1717.15,2023-06-01,2023,001373,主板,28.93,1717.1722,32.13,4.9677791745999995,全面注册制后-收紧前
688593,新相微,2023-06-01,2023-05-23,11.18,9190.5883,55.22,0.05218272,2023-05-25,2023-05-24,2023-05-25,1.45,2205.7,2023-06-01,2023,688593,科创板,11.18,9190.5883,55.22,10.275077719399999,全面注册制后-收紧前
920779,武汉蓝电,2023-06-01,2023-05-19,26.6,1230.5,22.81,0.57,,,2023-05-19,50.82,1016.5,2023-06-01,2023,920779,北交所,26.6,1230.5,22.81,3.27313,全面注册制后-收紧前
920017,星昊医药,2023-05-31,2023-05-16,12.3,3519.0,30.71,2.81,,,2023-05-16,145.35,2907.0,2023-05-31,2023,920017,北交所,12.3,3519.0,30.71,4.3283700000000005,全面注册制后-收紧前
301353,普莱得,2023-05-30,2023-05-19,35.23,1900.0,30.0,0.01942138,2023-05-23,2023-05-22,2023-05-23,1.9,1900.0,2023-05-30,2023,301353,创业板,35.23,1900.0,30.0,6.6937,全面注册制后-收紧前
301337,亚华电子,2023-05-26,2023-05-12,32.6,2605.0,52.45,0.02501642,2023-05-16,2023-05-15,2023-05-16,0.7,1263.4,2023-05-26,2023,301337,创业板,32.6,2605.0,52.45,8.4923,全面注册制后-收紧前
920719,宁新新材,2023-05-26,2023-05-11,14.68,2676.44,15.07,0.82,,,2023-05-11,110.54,2210.972,2023-05-26,2023,920719,北交所,14.68,2676.44,15.07,3.9290139199999996,全面注册制后-收紧前
301252,同星科技,2023-05-25,2023-05-15,31.48,2000.0,30.33,0.01866003,2023-05-17,2023-05-16,2023-05-17,2.0,2000.0,2023-05-25,2023,301252,创业板,31.48,2000.0,30.33,6.296,全面注册制后-收紧前
920471,美邦科技,2023-05-25,2023-05-12,10.74,1518.0,15.98,2.44,,,2023-05-12,62.7,1254.0,2023-05-25,2023,920471,北交所,10.74,1518.0,15.98,1.630332,全面注册制后-收紧前
001282,三联锻造,2023-05-24,2023-05-11,27.93,2838.0,37.73,0.02752874,2023-05-15,2023-05-12,2023-05-15,1.1,2270.4,2023-05-24,2023,001282,主板,27.93,2838.0,37.73,7.926533999999999,全面注册制后-收紧前
688562,航天软件,2023-05-24,2023-05-11,12.68,10000.0,133.7,0.04396236,2023-05-15,2023-05-12,2023-05-15,2.1,2800.0,2023-05-24,2023,688562,科创板,12.68,10000.0,133.7,12.68,全面注册制后-收紧前
